Game Date,Away Team,Away Record,Away Score,Home Team,Home Record,Home Score,Bookmaker,ML Away,ML Home,Spread Away,Spread Away Odds,Spread Home,Spread Home Odds,Total,Over Odds,Under Odds,Bookmaker Used,Model ATS Pick,ATS Confidence,Model Total Pick,Total Confidence,ATS Fireballs,Total Fireballs
2025-03-27,Chicago Cubs,1-2,10.0,Arizona Diamondbacks,0-1,6.0,,,,,,,,,,,,Away,0.6884266,Over,0.9796553,ğŸ”¥ğŸ”¥,ğŸ”¥ğŸ”¥ğŸ”¥ğŸ”¥ğŸ”¥
2025-03-27,Los Angeles Angels,0-1,1.0,Chicago White Sox,1-0,8.0,,1.64,2.33,-1.5,2.1,1.5,1.77,7.5,1.93,1.92,MyBookie.ag,Home,0.9751868,Over,0.97137356,ğŸ”¥ğŸ”¥ğŸ”¥ğŸ”¥ğŸ”¥,ğŸ”¥ğŸ”¥ğŸ”¥ğŸ”¥ğŸ”¥
2025-03-27,San Francisco Giants,1-0,6.0,Cincinnati Reds,0-1,4.0,,1.94,1.91,1.5,1.43,-1.5,2.75,8.0,2.02,1.84,MyBookie.ag,Away,0.92868114,Over,0.87074846,ğŸ”¥ğŸ”¥ğŸ”¥ğŸ”¥,ğŸ”¥ğŸ”¥ğŸ”¥ğŸ”¥
2025-03-27,New York Mets,0-1,1.0,Houston Astros,1-0,3.0,,2.11,1.77,1.5,1.56,-1.5,2.5,7.5,1.85,2.01,MyBookie.ag,Home,0.7462877,Under,0.95123225,ğŸ”¥ğŸ”¥,ğŸ”¥ğŸ”¥ğŸ”¥ğŸ”¥ğŸ”¥
2025-03-27,Cleveland Guardians,1-0,7.0,Kansas City Royals,0-1,4.0,,2.09,1.78,1.5,1.53,-1.5,2.55,7.5,1.87,1.98,MyBookie.ag,Away,0.97461784,Over,0.9261844,ğŸ”¥ğŸ”¥ğŸ”¥ğŸ”¥ğŸ”¥,ğŸ”¥ğŸ”¥ğŸ”¥ğŸ”¥
2025-03-27,Detroit Tigers,0-1,4.0,Los Angeles Dodgers,3-0,5.0,,2.46,1.58,1.5,1.67,-1.5,2.3,6.5,1.83,2.03,MyBookie.ag,Away,0.99539036,Over,0.7990646,ğŸ”¥ğŸ”¥ğŸ”¥ğŸ”¥ğŸ”¥,ğŸ”¥ğŸ”¥ğŸ”¥
2025-03-27,Pittsburgh Pirates,0-1,4.0,Miami Marlins,1-0,5.0,,1.67,2.27,-1.5,2.25,1.5,1.69,6.5,2.0,1.85,MyBookie.ag,Home,0.95516056,Over,0.9955901,ğŸ”¥ğŸ”¥ğŸ”¥ğŸ”¥ğŸ”¥,ğŸ”¥ğŸ”¥ğŸ”¥ğŸ”¥ğŸ”¥
2025-03-27,Milwaukee Brewers,0-1,2.0,New York Yankees,1-0,4.0,,2.21,1.7,1.5,1.59,-1.5,2.45,8.0,1.99,1.88,MyBookie.ag,Home,0.9123574,Under,0.9119205,ğŸ”¥ğŸ”¥ğŸ”¥ğŸ”¥,ğŸ”¥ğŸ”¥ğŸ”¥ğŸ”¥
2025-03-27,Atlanta Braves,0-1,4.0,San Diego Padres,1-0,7.0,,1.78,2.09,-1.5,2.45,1.5,1.59,7.0,2.03,1.83,MyBookie.ag,Home,0.9622511,Over,0.9628584,ğŸ”¥ğŸ”¥ğŸ”¥ğŸ”¥ğŸ”¥,ğŸ”¥ğŸ”¥ğŸ”¥ğŸ”¥ğŸ”¥
2025-03-27,Athletics,0-1,2.0,Seattle Mariners,1-0,4.0,,,,,,,,,,,,Away,0.6884266,Over,0.9796553,ğŸ”¥ğŸ”¥,ğŸ”¥ğŸ”¥ğŸ”¥ğŸ”¥ğŸ”¥
2025-03-27,Minnesota Twins,0-1,3.0,St. Louis Cardinals,1-0,5.0,,1.89,1.96,-1.5,2.5,1.5,1.56,7.5,1.98,1.87,MyBookie.ag,Home,0.97434795,Over,0.78559375,ğŸ”¥ğŸ”¥ğŸ”¥ğŸ”¥ğŸ”¥,ğŸ”¥ğŸ”¥ğŸ”¥
2025-03-27,Boston Red Sox,1-0,5.0,Texas Rangers,0-1,2.0,,1.86,1.99,-1.5,2.45,1.5,1.59,7.5,1.87,1.98,MyBookie.ag,Away,0.9947791,Under,0.961902,ğŸ”¥ğŸ”¥ğŸ”¥ğŸ”¥ğŸ”¥,ğŸ”¥ğŸ”¥ğŸ”¥ğŸ”¥ğŸ”¥
2025-03-27,Baltimore Orioles,1-0,12.0,Toronto Blue Jays,0-1,2.0,,2.0,1.85,-1.5,2.6,1.5,1.5,8.5,1.97,1.88,MyBookie.ag,Away,0.9733846,Over,0.9216202,ğŸ”¥ğŸ”¥ğŸ”¥ğŸ”¥ğŸ”¥,ğŸ”¥ğŸ”¥ğŸ”¥ğŸ”¥
2025-03-27,Philadelphia Phillies,1-0,7.0,Washington Nationals,0-1,3.0,,1.65,2.3,-1.5,2.15,1.5,1.74,7.0,1.83,2.03,MyBookie.ag,Away,0.90941554,Over,0.91814435,ğŸ”¥ğŸ”¥ğŸ”¥ğŸ”¥,ğŸ”¥ğŸ”¥ğŸ”¥ğŸ”¥
2025-03-28,Chicago Cubs,1-3,1.0,Arizona Diamondbacks,1-1,8.0,,2.06,1.8,1.5,1.53,-1.5,2.55,8.0,1.86,1.99,MyBookie.ag,Home,0.80415165,Over,0.65224385,ğŸ”¥ğŸ”¥ğŸ”¥,ğŸ”¥ğŸ”¥
2025-03-28,New York Mets,1-1,3.0,Houston Astros,1-1,1.0,,,,,,,,,,,,Away,0.6884266,Over,0.9796553,ğŸ”¥ğŸ”¥,ğŸ”¥ğŸ”¥ğŸ”¥ğŸ”¥ğŸ”¥
2025-03-28,Detroit Tigers,0-2,5.0,Los Angeles Dodgers,4-0,8.0,,,,,,,,,,,,Away,0.6884266,Over,0.9796553,ğŸ”¥ğŸ”¥,ğŸ”¥ğŸ”¥ğŸ”¥ğŸ”¥ğŸ”¥
2025-03-28,Pittsburgh Pirates,1-1,4.0,Miami Marlins,1-1,3.0,,1.71,2.2,-1.5,2.2,1.5,1.71,8.0,1.87,1.98,MyBookie.ag,Home,0.8907768,Under,0.9883062,ğŸ”¥ğŸ”¥ğŸ”¥ğŸ”¥,ğŸ”¥ğŸ”¥ğŸ”¥ğŸ”¥ğŸ”¥
2025-03-28,Atlanta Braves,0-2,3.0,San Diego Padres,2-0,4.0,,,,,,,,,,,,Away,0.6884266,Over,0.9796553,ğŸ”¥ğŸ”¥,ğŸ”¥ğŸ”¥ğŸ”¥ğŸ”¥ğŸ”¥
2025-03-28,Athletics,1-1,7.0,Seattle Mariners,1-1,0.0,,,,,,,,,,,,Away,0.6884266,Over,0.9796553,ğŸ”¥ğŸ”¥,ğŸ”¥ğŸ”¥ğŸ”¥ğŸ”¥ğŸ”¥
2025-03-28,Colorado Rockies,0-1,2.0,Tampa Bay Rays,1-0,3.0,,2.79,1.47,1.5,1.87,-1.5,1.95,8.0,2.01,1.84,MyBookie.ag,Away,0.97170174,Under,0.9910781,ğŸ”¥ğŸ”¥ğŸ”¥ğŸ”¥ğŸ”¥,ğŸ”¥ğŸ”¥ğŸ”¥ğŸ”¥ğŸ”¥
2025-03-28,Boston Red Sox,1-1,1.0,Texas Rangers,1-1,4.0,,,,,,,,,,,,Away,0.6884266,Over,0.9796553,ğŸ”¥ğŸ”¥,ğŸ”¥ğŸ”¥ğŸ”¥ğŸ”¥ğŸ”¥
2025-03-28,Baltimore Orioles,1-1,2.0,Toronto Blue Jays,1-1,8.0,,2.07,1.8,1.5,1.53,-1.5,2.55,8.5,1.88,1.97,MyBookie.ag,Home,0.881365,Over,0.98855925,ğŸ”¥ğŸ”¥ğŸ”¥ğŸ”¥,ğŸ”¥ğŸ”¥ğŸ”¥ğŸ”¥ğŸ”¥
2025-03-29,Chicago Cubs,2-3,4.0,Arizona Diamondbacks,1-2,3.0,,2.13,1.75,1.5,1.56,-1.5,2.5,8.5,1.86,2.0,MyBookie.ag,Away,0.9595734,Under,0.9710461,ğŸ”¥ğŸ”¥ğŸ”¥ğŸ”¥ğŸ”¥,ğŸ”¥ğŸ”¥ğŸ”¥ğŸ”¥ğŸ”¥
2025-03-29,Los Angeles Angels,1-1,1.0,Chicago White Sox,1-1,0.0,,1.62,2.37,-1.5,2.0,1.5,1.83,8.0,1.89,1.96,MyBookie.ag,Home,0.9663907,Under,0.8508379,ğŸ”¥ğŸ”¥ğŸ”¥ğŸ”¥ğŸ”¥,ğŸ”¥ğŸ”¥ğŸ”¥ğŸ”¥
2025-03-29,San Francisco Giants,1-1,2.0,Cincinnati Reds,1-1,3.0,,2.05,1.81,1.5,1.5,-1.5,2.6,8.5,1.91,1.93,MyBookie.ag,Away,0.9889635,Under,0.9800782,ğŸ”¥ğŸ”¥ğŸ”¥ğŸ”¥ğŸ”¥,ğŸ”¥ğŸ”¥ğŸ”¥ğŸ”¥ğŸ”¥
2025-03-29,New York Mets,1-2,1.0,Houston Astros,2-1,2.0,,2.03,1.83,1.5,1.53,-1.5,2.55,8.5,1.86,1.99,MyBookie.ag,Away,0.93644994,Under,0.8354988,ğŸ”¥ğŸ”¥ğŸ”¥ğŸ”¥,ğŸ”¥ğŸ”¥ğŸ”¥
2025-03-29,Cleveland Guardians,1-1,3.0,Kansas City Royals,1-1,4.0,,2.04,1.82,1.5,1.5,-1.5,2.6,8.5,1.91,1.94,MyBookie.ag,Away,0.9877343,Under,0.98355067,ğŸ”¥ğŸ”¥ğŸ”¥ğŸ”¥ğŸ”¥,ğŸ”¥ğŸ”¥ğŸ”¥ğŸ”¥ğŸ”¥
2025-03-29,Detroit Tigers,0-3,3.0,Los Angeles Dodgers,5-0,7.0,,2.82,1.46,1.5,1.93,-1.5,1.88,7.5,2.03,1.82,MyBookie.ag,Home,0.90332097,Over,0.9025286,ğŸ”¥ğŸ”¥ğŸ”¥ğŸ”¥,ğŸ”¥ğŸ”¥ğŸ”¥ğŸ”¥
2025-03-29,Pittsburgh Pirates,1-2,4.0,Miami Marlins,2-1,5.0,,1.81,2.06,-1.5,2.3,1.5,1.67,8.5,1.94,1.9,MyBookie.ag,Home,0.98921007,Over,0.9262189,ğŸ”¥ğŸ”¥ğŸ”¥ğŸ”¥ğŸ”¥,ğŸ”¥ğŸ”¥ğŸ”¥ğŸ”¥
2025-03-29,Milwaukee Brewers,0-2,9.0,New York Yankees,2-0,20.0,,2.37,1.62,1.5,1.69,-1.5,2.25,9.0,1.87,1.98,MyBookie.ag,Home,0.9894031,Over,0.93011785,ğŸ”¥ğŸ”¥ğŸ”¥ğŸ”¥ğŸ”¥,ğŸ”¥ğŸ”¥ğŸ”¥ğŸ”¥
2025-03-29,Atlanta Braves,0-3,0.0,San Diego Padres,3-0,1.0,,1.73,2.17,-1.5,2.2,1.5,1.71,8.0,1.84,2.01,MyBookie.ag,Home,0.98453313,Under,0.98972255,ğŸ”¥ğŸ”¥ğŸ”¥ğŸ”¥ğŸ”¥,ğŸ”¥ğŸ”¥ğŸ”¥ğŸ”¥ğŸ”¥
2025-03-29,Athletics,2-1,4.0,Seattle Mariners,1-2,2.0,,,,,,,,,,,,Away,0.6884266,Over,0.9796553,ğŸ”¥ğŸ”¥,ğŸ”¥ğŸ”¥ğŸ”¥ğŸ”¥ğŸ”¥
2025-03-29,Minnesota Twins,0-2,1.0,St. Louis Cardinals,2-0,5.0,,1.88,1.97,-1.5,2.45,1.5,1.59,7.5,1.9,1.94,MyBookie.ag,Home,0.9222047,Under,0.98608416,ğŸ”¥ğŸ”¥ğŸ”¥ğŸ”¥,ğŸ”¥ğŸ”¥ğŸ”¥ğŸ”¥ğŸ”¥
2025-03-29,Colorado Rockies,1-1,2.0,Tampa Bay Rays,1-1,1.0,,2.56,1.54,1.5,1.77,-1.5,2.1,8.0,1.86,1.99,MyBookie.ag,Away,0.7485454,Under,0.99685955,ğŸ”¥ğŸ”¥,ğŸ”¥ğŸ”¥ğŸ”¥ğŸ”¥ğŸ”¥
2025-03-29,Boston Red Sox,1-2,3.0,Texas Rangers,2-1,4.0,,1.99,1.86,1.5,1.48,-1.5,2.65,9.0,1.95,1.9,MyBookie.ag,Away,0.9943137,Under,0.8140175,ğŸ”¥ğŸ”¥ğŸ”¥ğŸ”¥ğŸ”¥,ğŸ”¥ğŸ”¥ğŸ”¥
2025-03-29,Baltimore Orioles,2-1,9.0,Toronto Blue Jays,1-2,5.0,,2.1,1.77,1.5,1.56,-1.5,2.5,8.5,1.87,1.98,MyBookie.ag,Away,0.91953677,Over,0.9097,ğŸ”¥ğŸ”¥ğŸ”¥ğŸ”¥,ğŸ”¥ğŸ”¥ğŸ”¥ğŸ”¥
2025-03-29,Philadelphia Phillies,2-0,11.0,Washington Nationals,0-2,6.0,,1.62,2.36,-1.5,2.0,1.5,1.83,9.0,1.97,1.88,MyBookie.ag,Away,0.8889797,Over,0.8284699,ğŸ”¥ğŸ”¥ğŸ”¥ğŸ”¥,ğŸ”¥ğŸ”¥ğŸ”¥
2025-03-30,Chicago Cubs,2-4,6.0,Arizona Diamondbacks,2-2,10.0,,2.08,1.79,1.5,1.53,-1.5,2.58,9.0,1.84,2.01,MyBookie.ag,Home,0.9534765,Over,0.93279207,ğŸ”¥ğŸ”¥ğŸ”¥ğŸ”¥ğŸ”¥,ğŸ”¥ğŸ”¥ğŸ”¥ğŸ”¥
2025-03-30,Los Angeles Angels,2-1,3.0,Chicago White Sox,1-2,2.0,,1.79,2.08,-1.5,2.35,1.5,1.65,8.5,1.98,1.87,MyBookie.ag,Home,0.99066556,Under,0.87005794,ğŸ”¥ğŸ”¥ğŸ”¥ğŸ”¥ğŸ”¥,ğŸ”¥ğŸ”¥ğŸ”¥ğŸ”¥
2025-03-30,San Francisco Giants,2-1,6.0,Cincinnati Reds,1-2,3.0,,1.85,2.0,-1.5,2.45,1.5,1.59,8.0,1.9,1.94,MyBookie.ag,Away,0.7355977,Over,0.809287,ğŸ”¥ğŸ”¥,ğŸ”¥ğŸ”¥ğŸ”¥
2025-03-30,Cleveland Guardians,2-1,6.0,Kansas City Royals,1-2,2.0,,2.0,1.86,-1.5,2.65,1.5,1.48,7.0,1.86,1.99,MyBookie.ag,Away,0.96789634,Over,0.8202322,ğŸ”¥ğŸ”¥ğŸ”¥ğŸ”¥ğŸ”¥,ğŸ”¥ğŸ”¥ğŸ”¥
2025-03-30,Pittsburgh Pirates,1-3,2.0,Miami Marlins,3-1,3.0,,1.91,1.94,-1.5,2.55,1.5,1.53,7.5,1.89,1.96,MyBookie.ag,Home,0.90787935,Under,0.9953231,ğŸ”¥ğŸ”¥ğŸ”¥ğŸ”¥,ğŸ”¥ğŸ”¥ğŸ”¥ğŸ”¥ğŸ”¥
2025-03-30,Milwaukee Brewers,0-3,3.0,New York Yankees,3-0,12.0,,2.19,1.71,1.5,1.59,-1.5,2.45,8.5,1.98,1.87,MyBookie.ag,Home,0.88761944,Over,0.94658893,ğŸ”¥ğŸ”¥ğŸ”¥ğŸ”¥,ğŸ”¥ğŸ”¥ğŸ”¥ğŸ”¥
2025-03-30,Atlanta Braves,0-4,0.0,San Diego Padres,4-0,5.0,,2.09,1.78,1.5,1.53,-1.5,2.55,8.0,1.98,1.87,MyBookie.ag,Home,0.99291366,Under,0.8966616,ğŸ”¥ğŸ”¥ğŸ”¥ğŸ”¥ğŸ”¥,ğŸ”¥ğŸ”¥ğŸ”¥ğŸ”¥
2025-03-30,Athletics,2-2,1.0,Seattle Mariners,2-2,2.0,,,,,,,,,,,,Away,0.6884266,Over,0.9796553,ğŸ”¥ğŸ”¥,ğŸ”¥ğŸ”¥ğŸ”¥ğŸ”¥ğŸ”¥
2025-03-30,Minnesota Twins,0-3,2.0,St. Louis Cardinals,3-0,9.0,,1.83,2.03,-1.5,2.45,1.5,1.59,8.0,1.92,1.92,MyBookie.ag,Home,0.9453737,Over,0.9696179,ğŸ”¥ğŸ”¥ğŸ”¥ğŸ”¥,ğŸ”¥ğŸ”¥ğŸ”¥ğŸ”¥ğŸ”¥
2025-03-30,Colorado Rockies,1-2,4.0,Tampa Bay Rays,2-1,6.0,,2.54,1.55,1.5,1.74,-1.5,2.15,7.5,1.9,1.95,MyBookie.ag,Home,0.9548143,Over,0.8788835,ğŸ”¥ğŸ”¥ğŸ”¥ğŸ”¥ğŸ”¥,ğŸ”¥ğŸ”¥ğŸ”¥ğŸ”¥
2025-03-30,Boston Red Sox,1-3,2.0,Texas Rangers,3-1,3.0,,2.47,1.57,1.5,1.68,-1.5,2.25,7.5,1.93,1.92,MyBookie.ag,Away,0.90792096,Under,0.82709694,ğŸ”¥ğŸ”¥ğŸ”¥ğŸ”¥,ğŸ”¥ğŸ”¥ğŸ”¥
2025-03-30,Baltimore Orioles,2-2,1.0,Toronto Blue Jays,2-2,3.0,,2.12,1.76,1.5,1.56,-1.5,2.5,9.0,2.0,1.85,MyBookie.ag,Home,0.97836727,Under,0.98230225,ğŸ”¥ğŸ”¥ğŸ”¥ğŸ”¥ğŸ”¥,ğŸ”¥ğŸ”¥ğŸ”¥ğŸ”¥ğŸ”¥
2025-03-30,Philadelphia Phillies,2-1,1.0,Washington Nationals,1-2,5.0,,1.7,2.21,-1.5,2.15,1.5,1.74,9.0,2.02,1.83,MyBookie.ag,Home,0.9532052,Under,0.8951461,ğŸ”¥ğŸ”¥ğŸ”¥ğŸ”¥ğŸ”¥,ğŸ”¥ğŸ”¥ğŸ”¥ğŸ”¥
2025-03-31,Chicago Cubs,3-4,18.0,Athletics,2-3,3.0,,,,,,,,,,,,Away,0.6884266,Over,0.9796553,ğŸ”¥ğŸ”¥,ğŸ”¥ğŸ”¥ğŸ”¥ğŸ”¥ğŸ”¥
2025-03-31,Boston Red Sox,1-4,5.0,Baltimore Orioles,3-2,8.0,,2.23,1.69,1.5,1.65,-1.5,2.35,9.5,1.9,1.95,MyBookie.ag,Home,0.9805752,Over,0.98626286,ğŸ”¥ğŸ”¥ğŸ”¥ğŸ”¥ğŸ”¥,ğŸ”¥ğŸ”¥ğŸ”¥ğŸ”¥ğŸ”¥
2025-03-31,Minnesota Twins,0-4,0.0,Chicago White Sox,2-2,9.0,,1.54,2.56,-1.5,1.91,1.5,1.91,7.5,1.89,1.96,MyBookie.ag,Home,0.9959805,Over,0.9896971,ğŸ”¥ğŸ”¥ğŸ”¥ğŸ”¥ğŸ”¥,ğŸ”¥ğŸ”¥ğŸ”¥ğŸ”¥ğŸ”¥
2025-03-31,Texas Rangers,3-2,3.0,Cincinnati Reds,2-2,14.0,,1.88,1.97,-1.5,2.4,1.5,1.62,9.0,2.01,1.84,MyBookie.ag,Home,0.9930871,Over,0.88232845,ğŸ”¥ğŸ”¥ğŸ”¥ğŸ”¥ğŸ”¥,ğŸ”¥ğŸ”¥ğŸ”¥ğŸ”¥
2025-03-31,San Francisco Giants,3-1,7.0,Houston Astros,2-2,2.0,,,,,,,,,,,,Away,0.6884266,Over,0.9796553,ğŸ”¥ğŸ”¥,ğŸ”¥ğŸ”¥ğŸ”¥ğŸ”¥ğŸ”¥
2025-03-31,Atlanta Braves,0-5,1.0,Los Angeles Dodgers,6-0,6.0,,,,,,,,,,,,Away,0.6884266,Over,0.9796553,ğŸ”¥ğŸ”¥,ğŸ”¥ğŸ”¥ğŸ”¥ğŸ”¥ğŸ”¥
2025-03-31,New York Mets,2-2,10.0,Miami Marlins,3-2,4.0,,1.51,2.65,-1.5,1.87,1.5,1.95,8.5,1.95,1.9,MyBookie.ag,Away,0.8621086,Over,0.9841197,ğŸ”¥ğŸ”¥ğŸ”¥ğŸ”¥,ğŸ”¥ğŸ”¥ğŸ”¥ğŸ”¥ğŸ”¥
2025-03-31,Kansas City Royals,2-2,11.0,Milwaukee Brewers,0-4,1.0,,1.97,1.88,1.5,1.48,-1.5,2.65,8.5,1.95,1.89,MyBookie.ag,Away,0.9963588,Over,0.88324577,ğŸ”¥ğŸ”¥ğŸ”¥ğŸ”¥ğŸ”¥,ğŸ”¥ğŸ”¥ğŸ”¥ğŸ”¥
2025-03-31,Colorado Rockies,1-3,1.0,Philadelphia Phillies,3-1,6.0,,3.3,1.36,1.5,2.1,-1.5,1.77,8.5,1.83,2.03,MyBookie.ag,Home,0.9739947,Under,0.9894853,ğŸ”¥ğŸ”¥ğŸ”¥ğŸ”¥ğŸ”¥,ğŸ”¥ğŸ”¥ğŸ”¥ğŸ”¥ğŸ”¥
2025-03-31,Cleveland Guardians,2-2,2.0,San Diego Padres,5-0,7.0,,,,,,,,,,,,Away,0.6884266,Over,0.9796553,ğŸ”¥ğŸ”¥,ğŸ”¥ğŸ”¥ğŸ”¥ğŸ”¥ğŸ”¥
2025-03-31,Detroit Tigers,1-3,9.0,Seattle Mariners,2-3,6.0,,,,,,,,,,,,Away,0.6884266,Over,0.9796553,ğŸ”¥ğŸ”¥,ğŸ”¥ğŸ”¥ğŸ”¥ğŸ”¥ğŸ”¥
2025-03-31,Los Angeles Angels,3-1,5.0,St. Louis Cardinals,3-1,4.0,,2.24,1.69,1.5,1.62,-1.5,2.4,8.5,1.99,1.86,MyBookie.ag,Away,0.87863433,Over,0.8943968,ğŸ”¥ğŸ”¥ğŸ”¥ğŸ”¥,ğŸ”¥ğŸ”¥ğŸ”¥ğŸ”¥
2025-03-31,Pittsburgh Pirates,1-4,1.0,Tampa Bay Rays,3-1,6.0,,2.66,1.5,1.5,1.8,-1.5,2.05,8.0,1.91,1.93,MyBookie.ag,Home,0.92965376,Under,0.99894637,ğŸ”¥ğŸ”¥ğŸ”¥ğŸ”¥,ğŸ”¥ğŸ”¥ğŸ”¥ğŸ”¥ğŸ”¥
2025-03-31,Washington Nationals,1-3,2.0,Toronto Blue Jays,3-2,5.0,,2.41,1.6,1.5,1.71,-1.5,2.2,8.0,1.86,1.99,MyBookie.ag,Home,0.96096283,Under,0.97316235,ğŸ”¥ğŸ”¥ğŸ”¥ğŸ”¥ğŸ”¥,ğŸ”¥ğŸ”¥ğŸ”¥ğŸ”¥ğŸ”¥
2025-04-01,Chicago Cubs,4-4,7.0,Athletics,2-4,4.0,,,,,,,,,,,,Away,0.6884266,Over,0.9796553,ğŸ”¥ğŸ”¥,ğŸ”¥ğŸ”¥ğŸ”¥ğŸ”¥ğŸ”¥
2025-04-01,Minnesota Twins,1-4,8.0,Chicago White Sox,2-3,3.0,,1.62,2.37,-1.5,2.05,1.5,1.8,7.5,2.02,1.84,MyBookie.ag,Away,0.8025894,Over,0.99110323,ğŸ”¥ğŸ”¥ğŸ”¥,ğŸ”¥ğŸ”¥ğŸ”¥ğŸ”¥ğŸ”¥
2025-04-01,Texas Rangers,4-2,1.0,Cincinnati Reds,2-3,0.0,,1.71,2.2,-1.5,2.15,1.5,1.74,8.5,1.82,2.04,MyBookie.ag,Home,0.9680389,Under,0.99613357,ğŸ”¥ğŸ”¥ğŸ”¥ğŸ”¥ğŸ”¥,ğŸ”¥ğŸ”¥ğŸ”¥ğŸ”¥ğŸ”¥
2025-04-01,San Francisco Giants,4-1,3.0,Houston Astros,2-3,1.0,,2.05,1.81,1.5,1.5,-1.5,2.6,8.0,2.0,1.85,MyBookie.ag,Away,0.8966951,Under,0.9986106,ğŸ”¥ğŸ”¥ğŸ”¥ğŸ”¥,ğŸ”¥ğŸ”¥ğŸ”¥ğŸ”¥ğŸ”¥
2025-04-01,Atlanta Braves,0-6,1.0,Los Angeles Dodgers,7-0,3.0,,2.86,1.45,1.5,1.91,-1.5,1.91,8.0,1.91,1.94,MyBookie.ag,Home,0.9984364,Under,0.98571014,ğŸ”¥ğŸ”¥ğŸ”¥ğŸ”¥ğŸ”¥,ğŸ”¥ğŸ”¥ğŸ”¥ğŸ”¥ğŸ”¥
2025-04-01,New York Mets,2-3,2.0,Miami Marlins,4-2,4.0,,1.63,2.34,-1.5,2.05,1.5,1.8,7.5,1.88,1.97,MyBookie.ag,Home,0.8627728,Under,0.80276716,ğŸ”¥ğŸ”¥ğŸ”¥ğŸ”¥,ğŸ”¥ğŸ”¥ğŸ”¥
2025-04-01,Kansas City Royals,2-3,0.0,Milwaukee Brewers,1-4,5.0,,2.03,1.83,-1.5,2.6,1.5,1.5,8.5,1.91,1.94,MyBookie.ag,Home,0.91726774,Under,0.98528916,ğŸ”¥ğŸ”¥ğŸ”¥ğŸ”¥,ğŸ”¥ğŸ”¥ğŸ”¥ğŸ”¥ğŸ”¥
2025-04-01,Arizona Diamondbacks,3-2,7.0,New York Yankees,3-1,5.0,,1.92,1.93,-1.5,2.5,1.5,1.56,8.5,1.98,1.87,MyBookie.ag,Away,0.79215944,Over,0.83185846,ğŸ”¥ğŸ”¥ğŸ”¥,ğŸ”¥ğŸ”¥ğŸ”¥
2025-04-01,Cleveland Guardians,2-3,0.0,San Diego Padres,6-0,7.0,,2.1,1.77,1.5,1.53,-1.5,2.55,8.0,1.89,1.96,MyBookie.ag,Home,0.53097975,Under,0.9181617,ğŸ”¥,ğŸ”¥ğŸ”¥ğŸ”¥ğŸ”¥
2025-04-01,Detroit Tigers,2-3,4.0,Seattle Mariners,2-4,1.0,,2.03,1.82,1.5,1.48,-1.5,2.65,7.5,2.03,1.82,MyBookie.ag,Away,0.86893106,Under,0.963729,ğŸ”¥ğŸ”¥ğŸ”¥ğŸ”¥,ğŸ”¥ğŸ”¥ğŸ”¥ğŸ”¥ğŸ”¥
2025-04-01,Los Angeles Angels,4-1,9.0,St. Louis Cardinals,3-2,7.0,,2.29,1.66,1.5,1.62,-1.5,2.39,8.5,1.97,1.88,MyBookie.ag,Away,0.8395429,Over,0.99413216,ğŸ”¥ğŸ”¥ğŸ”¥,ğŸ”¥ğŸ”¥ğŸ”¥ğŸ”¥ğŸ”¥
2025-04-01,Pittsburgh Pirates,1-5,0.0,Tampa Bay Rays,4-1,7.0,,2.43,1.59,1.5,1.74,-1.5,2.15,9.0,2.02,1.84,MyBookie.ag,Home,0.91837025,Under,0.9651829,ğŸ”¥ğŸ”¥ğŸ”¥ğŸ”¥,ğŸ”¥ğŸ”¥ğŸ”¥ğŸ”¥ğŸ”¥
2025-04-01,Washington Nationals,1-4,3.0,Toronto Blue Jays,4-2,5.0,,2.39,1.61,1.5,1.66,-1.5,2.31,8.5,1.94,1.9,MyBookie.ag,Home,0.894991,Under,0.90106046,ğŸ”¥ğŸ”¥ğŸ”¥ğŸ”¥,ğŸ”¥ğŸ”¥ğŸ”¥ğŸ”¥
2025-04-02,Chicago Cubs,5-4,10.0,Athletics,2-5,2.0,,,,,,,,,,,,Away,0.6884266,Over,0.9796553,ğŸ”¥ğŸ”¥,ğŸ”¥ğŸ”¥ğŸ”¥ğŸ”¥ğŸ”¥
2025-04-02,Boston Red Sox,2-4,3.0,Baltimore Orioles,3-3,0.0,,1.83,2.03,-1.5,2.45,1.5,1.59,7.5,1.87,1.98,MyBookie.ag,Away,0.95486885,Under,0.8527736,ğŸ”¥ğŸ”¥ğŸ”¥ğŸ”¥ğŸ”¥,ğŸ”¥ğŸ”¥ğŸ”¥ğŸ”¥
2025-04-02,Minnesota Twins,2-4,6.0,Chicago White Sox,2-4,1.0,,1.53,2.59,-1.5,1.91,1.5,1.91,7.0,1.85,2.0,MyBookie.ag,Away,0.60690534,Over,0.9965953,ğŸ”¥ğŸ”¥,ğŸ”¥ğŸ”¥ğŸ”¥ğŸ”¥ğŸ”¥
2025-04-02,Texas Rangers,5-2,1.0,Cincinnati Reds,2-4,0.0,,2.15,1.74,1.5,1.56,-1.5,2.5,8.5,1.91,1.94,MyBookie.ag,Away,0.96496046,Under,0.9046896,ğŸ”¥ğŸ”¥ğŸ”¥ğŸ”¥ğŸ”¥,ğŸ”¥ğŸ”¥ğŸ”¥ğŸ”¥
2025-04-02,San Francisco Giants,5-1,6.0,Houston Astros,2-4,3.0,,2.42,1.59,1.5,1.66,-1.5,2.31,7.5,1.98,1.87,MyBookie.ag,Away,0.9276987,Over,0.9763668,ğŸ”¥ğŸ”¥ğŸ”¥ğŸ”¥,ğŸ”¥ğŸ”¥ğŸ”¥ğŸ”¥ğŸ”¥
2025-04-02,Atlanta Braves,0-7,5.0,Los Angeles Dodgers,8-0,6.0,,2.18,1.72,1.5,1.56,-1.5,2.5,7.5,1.87,1.98,MyBookie.ag,Away,0.99431676,Over,0.9767106,ğŸ”¥ğŸ”¥ğŸ”¥ğŸ”¥ğŸ”¥,ğŸ”¥ğŸ”¥ğŸ”¥ğŸ”¥ğŸ”¥
2025-04-02,New York Mets,3-3,6.0,Miami Marlins,4-3,5.0,,1.45,2.85,-1.5,1.77,1.5,2.1,9.0,2.03,1.83,MyBookie.ag,Home,0.9519043,Over,0.9685498,ğŸ”¥ğŸ”¥ğŸ”¥ğŸ”¥ğŸ”¥,ğŸ”¥ğŸ”¥ğŸ”¥ğŸ”¥ğŸ”¥
2025-04-02,Kansas City Royals,2-4,2.0,Milwaukee Brewers,2-4,3.0,,2.01,1.84,-1.5,2.65,1.5,1.48,7.5,1.9,1.95,MyBookie.ag,Home,0.99824035,Under,0.9796286,ğŸ”¥ğŸ”¥ğŸ”¥ğŸ”¥ğŸ”¥,ğŸ”¥ğŸ”¥ğŸ”¥ğŸ”¥ğŸ”¥
2025-04-02,Arizona Diamondbacks,4-2,4.0,New York Yankees,3-2,3.0,,2.21,1.7,1.5,1.59,-1.5,2.45,8.0,2.03,1.83,MyBookie.ag,Away,0.9196258,Under,0.89063174,ğŸ”¥ğŸ”¥ğŸ”¥ğŸ”¥,ğŸ”¥ğŸ”¥ğŸ”¥ğŸ”¥
2025-04-02,Colorado Rockies,1-4,1.0,Philadelphia Phillies,4-1,5.0,,3.7,1.3,1.5,2.25,-1.5,1.69,7.0,1.9,1.95,MyBookie.ag,Home,0.9981799,Under,0.9446081,ğŸ”¥ğŸ”¥ğŸ”¥ğŸ”¥ğŸ”¥,ğŸ”¥ğŸ”¥ğŸ”¥ğŸ”¥
2025-04-02,Cleveland Guardians,2-4,2.0,San Diego Padres,7-0,5.0,,2.6,1.52,1.5,1.74,-1.5,2.13,7.5,1.86,1.99,MyBookie.ag,Home,0.7288115,Under,0.9696063,ğŸ”¥ğŸ”¥,ğŸ”¥ğŸ”¥ğŸ”¥ğŸ”¥ğŸ”¥
2025-04-02,Detroit Tigers,2-4,2.0,Seattle Mariners,3-4,3.0,,1.78,2.09,-1.5,2.45,1.5,1.59,6.5,1.95,1.9,MyBookie.ag,Home,0.95948756,Under,0.93398994,ğŸ”¥ğŸ”¥ğŸ”¥ğŸ”¥ğŸ”¥,ğŸ”¥ğŸ”¥ğŸ”¥ğŸ”¥
2025-04-02,Los Angeles Angels,4-2,5.0,St. Louis Cardinals,4-2,12.0,,2.24,1.68,1.5,1.62,-1.5,2.4,8.5,1.98,1.87,MyBookie.ag,Home,0.85948837,Over,0.9942822,ğŸ”¥ğŸ”¥ğŸ”¥ğŸ”¥,ğŸ”¥ğŸ”¥ğŸ”¥ğŸ”¥ğŸ”¥
2025-04-02,Pittsburgh Pirates,2-5,4.0,Tampa Bay Rays,4-2,2.0,,1.88,1.96,-1.5,2.58,1.5,1.53,7.0,1.96,1.89,MyBookie.ag,Away,0.89227325,Under,0.9255419,ğŸ”¥ğŸ”¥ğŸ”¥ğŸ”¥,ğŸ”¥ğŸ”¥ğŸ”¥ğŸ”¥
2025-04-02,Washington Nationals,1-5,2.0,Toronto Blue Jays,5-2,4.0,,1.88,1.97,-1.5,2.45,1.5,1.59,8.5,1.98,1.87,MyBookie.ag,Home,0.90972275,Under,0.8313166,ğŸ”¥ğŸ”¥ğŸ”¥ğŸ”¥,ğŸ”¥ğŸ”¥ğŸ”¥
2025-04-03,Boston Red Sox,3-4,8.0,Baltimore Orioles,3-4,4.0,,2.07,1.79,1.5,1.5,-1.5,2.6,9.5,1.93,1.91,MyBookie.ag,Away,0.87799597,Over,0.95567906,ğŸ”¥ğŸ”¥ğŸ”¥ğŸ”¥,ğŸ”¥ğŸ”¥ğŸ”¥ğŸ”¥ğŸ”¥
2025-04-03,Cincinnati Reds,2-5,0.0,Milwaukee Brewers,3-4,1.0,,2.03,1.83,1.5,1.5,-1.5,2.6,8.0,1.9,1.95,MyBookie.ag,Away,0.9489041,Under,0.9589813,ğŸ”¥ğŸ”¥ğŸ”¥ğŸ”¥,ğŸ”¥ğŸ”¥ğŸ”¥ğŸ”¥ğŸ”¥
2025-04-03,Houston Astros,3-4,5.0,Minnesota Twins,2-5,2.0,,2.22,1.69,1.5,1.53,-1.5,2.55,7.0,1.83,2.03,MyBookie.ag,Away,0.97722137,Under,0.6385088,ğŸ”¥ğŸ”¥ğŸ”¥ğŸ”¥ğŸ”¥,ğŸ”¥ğŸ”¥
2025-04-03,Arizona Diamondbacks,4-3,7.0,New York Yankees,4-2,9.0,,2.02,1.84,1.5,1.53,-1.5,2.55,10.0,1.9,1.94,MyBookie.ag,Home,0.87644863,Over,0.93249965,ğŸ”¥ğŸ”¥ğŸ”¥ğŸ”¥,ğŸ”¥ğŸ”¥ğŸ”¥ğŸ”¥
2025-04-03,Colorado Rockies,1-5,1.0,Philadelphia Phillies,5-1,3.0,,2.8,1.47,1.5,1.97,-1.5,1.85,10.0,1.9,1.95,MyBookie.ag,Home,0.99580705,Under,0.9156467,ğŸ”¥ğŸ”¥ğŸ”¥ğŸ”¥ğŸ”¥,ğŸ”¥ğŸ”¥ğŸ”¥ğŸ”¥
2025-04-04,Miami Marlins,4-4,0.0,Atlanta Braves,1-7,10.0,,2.97,1.42,1.5,1.87,-1.5,1.95,7.5,1.9,1.95,MyBookie.ag,Home,0.9868007,Over,0.9593554,ğŸ”¥ğŸ”¥ğŸ”¥ğŸ”¥ğŸ”¥,ğŸ”¥ğŸ”¥ğŸ”¥ğŸ”¥ğŸ”¥
2025-04-04,St. Louis Cardinals,4-3,9.0,Boston Red Sox,4-4,13.0,,2.06,1.8,1.5,1.55,-1.5,2.54,9.0,1.89,1.95,MyBookie.ag,Home,0.9946725,Over,0.94305235,ğŸ”¥ğŸ”¥ğŸ”¥ğŸ”¥ğŸ”¥,ğŸ”¥ğŸ”¥ğŸ”¥ğŸ”¥
2025-04-04,San Diego Padres,7-1,1.0,Chicago Cubs,6-4,3.0,,2.43,1.59,1.5,1.69,-1.5,2.25,7.0,1.93,1.91,MyBookie.ag,Home,0.9319547,Under,0.9338359,ğŸ”¥ğŸ”¥ğŸ”¥ğŸ”¥,ğŸ”¥ğŸ”¥ğŸ”¥ğŸ”¥
2025-04-04,Athletics,3-5,6.0,Colorado Rockies,1-6,3.0,,,,,,,,,,,,Away,0.6884266,Over,0.9796553,ğŸ”¥ğŸ”¥,ğŸ”¥ğŸ”¥ğŸ”¥ğŸ”¥ğŸ”¥
2025-04-04,Chicago White Sox,2-5,4.0,Detroit Tigers,3-4,7.0,,3.21,1.38,1.5,2.0,-1.5,1.84,7.0,1.83,2.03,MyBookie.ag,Home,0.96310973,Over,0.82875776,ğŸ”¥ğŸ”¥ğŸ”¥ğŸ”¥ğŸ”¥,ğŸ”¥ğŸ”¥ğŸ”¥
2025-04-04,Baltimore Orioles,3-5,2.0,Kansas City Royals,3-4,8.0,,1.93,1.92,1.5,1.42,-1.5,2.8,8.0,2.0,1.85,MyBookie.ag,Home,0.7693321,Over,0.89110994,ğŸ”¥ğŸ”¥ğŸ”¥,ğŸ”¥ğŸ”¥ğŸ”¥ğŸ”¥
2025-04-04,Cleveland Guardians,3-4,8.0,Los Angeles Angels,4-3,6.0,,,,,,,,,,,,Away,0.6884266,Over,0.9796553,ğŸ”¥ğŸ”¥,ğŸ”¥ğŸ”¥ğŸ”¥ğŸ”¥ğŸ”¥
2025-04-04,Cincinnati Reds,2-6,2.0,Milwaukee Brewers,4-4,3.0,,,,,,,,,,,,Away,0.6884266,Over,0.9796553,ğŸ”¥ğŸ”¥,ğŸ”¥ğŸ”¥ğŸ”¥ğŸ”¥ğŸ”¥
2025-04-04,Toronto Blue Jays,5-3,0.0,New York Mets,4-3,5.0,,2.08,1.78,1.5,1.56,-1.5,2.5,7.5,1.95,1.89,MyBookie.ag,Home,0.98499054,Under,0.92738926,ğŸ”¥ğŸ”¥ğŸ”¥ğŸ”¥ğŸ”¥,ğŸ”¥ğŸ”¥ğŸ”¥ğŸ”¥
2025-04-04,Los Angeles Dodgers,8-1,2.0,Philadelphia Phillies,6-1,3.0,,1.71,2.19,-1.5,2.25,1.5,1.7,8.0,1.93,1.93,MyBookie.ag,Home,0.9989335,Under,0.92722315,ğŸ”¥ğŸ”¥ğŸ”¥ğŸ”¥ğŸ”¥,ğŸ”¥ğŸ”¥ğŸ”¥ğŸ”¥
2025-04-04,New York Yankees,5-2,9.0,Pittsburgh Pirates,2-6,4.0,,1.58,2.44,-1.5,2.02,1.5,1.82,7.5,1.87,1.98,MyBookie.ag,Away,0.7577293,Over,0.81165993,ğŸ”¥ğŸ”¥ğŸ”¥,ğŸ”¥ğŸ”¥ğŸ”¥
2025-04-04,Seattle Mariners,3-5,9.0,San Francisco Giants,6-1,10.0,,2.21,1.69,1.5,1.57,-1.5,2.48,7.5,1.88,1.96,MyBookie.ag,Away,0.98489296,Over,0.96454644,ğŸ”¥ğŸ”¥ğŸ”¥ğŸ”¥ğŸ”¥,ğŸ”¥ğŸ”¥ğŸ”¥ğŸ”¥ğŸ”¥
2025-04-04,Tampa Bay Rays,4-3,2.0,Texas Rangers,6-2,5.0,,,,,,,,,,,,Away,0.6884266,Over,0.9796553,ğŸ”¥ğŸ”¥,ğŸ”¥ğŸ”¥ğŸ”¥ğŸ”¥ğŸ”¥
2025-04-04,Arizona Diamondbacks,5-3,6.0,Washington Nationals,1-6,4.0,,1.67,2.27,-1.5,2.15,1.5,1.74,8.5,1.99,1.86,MyBookie.ag,Away,0.86542577,Over,0.8063836,ğŸ”¥ğŸ”¥ğŸ”¥ğŸ”¥,ğŸ”¥ğŸ”¥ğŸ”¥
2025-04-05,Miami Marlins,5-4,4.0,Atlanta Braves,1-8,0.0,,3.1,1.39,1.5,2.05,-1.5,1.8,8.5,1.95,1.9,MyBookie.ag,Away,0.8861952,Under,0.9967577,ğŸ”¥ğŸ”¥ğŸ”¥ğŸ”¥,ğŸ”¥ğŸ”¥ğŸ”¥ğŸ”¥ğŸ”¥
2025-04-05,St. Louis Cardinals,6-8,,Boston Red Sox,7-8,,,2.05,1.81,1.5,1.53,-1.5,2.55,9.0,2.0,1.85,MyBookie.ag,Home,0.6077189,Under,0.99614537,ğŸ”¥ğŸ”¥,ğŸ”¥ğŸ”¥ğŸ”¥ğŸ”¥ğŸ”¥
2025-04-05,San Diego Padres,7-2,1.0,Chicago Cubs,7-4,7.0,,2.01,1.84,1.5,1.43,-1.5,2.75,7.0,1.98,1.87,MyBookie.ag,Home,0.9064685,Over,0.9683176,ğŸ”¥ğŸ”¥ğŸ”¥ğŸ”¥,ğŸ”¥ğŸ”¥ğŸ”¥ğŸ”¥ğŸ”¥
2025-04-05,Athletics,4-5,7.0,Colorado Rockies,1-7,4.0,,,,,,,,,,,,Away,0.6884266,Over,0.9796553,ğŸ”¥ğŸ”¥,ğŸ”¥ğŸ”¥ğŸ”¥ğŸ”¥ğŸ”¥
2025-04-05,Chicago White Sox,2-6,2.0,Detroit Tigers,4-4,7.0,,3.0,1.42,1.5,1.91,-1.5,1.91,7.5,2.01,1.84,MyBookie.ag,Home,0.95113504,Over,0.9359137,ğŸ”¥ğŸ”¥ğŸ”¥ğŸ”¥ğŸ”¥,ğŸ”¥ğŸ”¥ğŸ”¥ğŸ”¥
2025-04-05,Baltimore Orioles,4-5,8.0,Kansas City Royals,3-5,1.0,,1.97,1.88,1.5,1.45,-1.5,2.7,8.0,1.92,1.92,MyBookie.ag,Away,0.9590539,Over,0.9872168,ğŸ”¥ğŸ”¥ğŸ”¥ğŸ”¥ğŸ”¥,ğŸ”¥ğŸ”¥ğŸ”¥ğŸ”¥ğŸ”¥
2025-04-05,Cleveland Guardians,3-5,4.0,Los Angeles Angels,5-3,10.0,,1.87,1.97,-1.5,2.45,1.5,1.59,8.0,1.98,1.87,MyBookie.ag,Home,0.98170197,Over,0.70103616,ğŸ”¥ğŸ”¥ğŸ”¥ğŸ”¥ğŸ”¥,ğŸ”¥ğŸ”¥
2025-04-05,Cincinnati Reds,3-6,11.0,Milwaukee Brewers,4-5,7.0,,1.99,1.86,1.5,1.48,-1.5,2.65,8.0,1.87,1.98,MyBookie.ag,Away,0.9967933,Over,0.983701,ğŸ”¥ğŸ”¥ğŸ”¥ğŸ”¥ğŸ”¥,ğŸ”¥ğŸ”¥ğŸ”¥ğŸ”¥ğŸ”¥
2025-04-05,Houston Astros,3-5,1.0,Minnesota Twins,3-5,6.0,,2.06,1.8,1.5,1.5,-1.5,2.6,7.5,1.86,1.99,MyBookie.ag,Home,0.8035109,Under,0.8269026,ğŸ”¥ğŸ”¥ğŸ”¥,ğŸ”¥ğŸ”¥ğŸ”¥
2025-04-05,Toronto Blue Jays,5-4,2.0,New York Mets,5-3,3.0,,2.06,1.8,1.5,1.53,-1.5,2.55,7.5,1.85,2.0,MyBookie.ag,Away,0.5372324,Under,0.8813685,ğŸ”¥,ğŸ”¥ğŸ”¥ğŸ”¥ğŸ”¥
2025-04-05,Los Angeles Dodgers,9-1,3.0,Philadelphia Phillies,6-2,1.0,,1.88,1.98,-1.5,2.5,1.5,1.56,8.5,1.89,1.96,MyBookie.ag,Away,0.96067643,Under,0.9783418,ğŸ”¥ğŸ”¥ğŸ”¥ğŸ”¥ğŸ”¥,ğŸ”¥ğŸ”¥ğŸ”¥ğŸ”¥ğŸ”¥
2025-04-05,New York Yankees,6-2,10.0,Pittsburgh Pirates,2-7,4.0,,1.64,2.33,-1.5,1.98,1.5,1.85,10.0,1.97,1.88,MyBookie.ag,Away,0.9127044,Over,0.983121,ğŸ”¥ğŸ”¥ğŸ”¥ğŸ”¥,ğŸ”¥ğŸ”¥ğŸ”¥ğŸ”¥ğŸ”¥
2025-04-05,Seattle Mariners,3-6,1.0,San Francisco Giants,7-1,4.0,,,,,,,,,,,,Away,0.6884266,Over,0.9796553,ğŸ”¥ğŸ”¥,ğŸ”¥ğŸ”¥ğŸ”¥ğŸ”¥ğŸ”¥
2025-04-05,Tampa Bay Rays,4-4,4.0,Texas Rangers,7-2,6.0,,2.49,1.57,1.5,1.71,-1.5,2.2,7.5,1.9,1.95,MyBookie.ag,Home,0.9548143,Over,0.8788835,ğŸ”¥ğŸ”¥ğŸ”¥ğŸ”¥ğŸ”¥,ğŸ”¥ğŸ”¥ğŸ”¥ğŸ”¥
2025-04-05,Arizona Diamondbacks,5-4,3.0,Washington Nationals,2-6,4.0,,1.73,2.16,-1.5,2.2,1.5,1.71,9.0,1.94,1.9,MyBookie.ag,Home,0.995673,Under,0.987983,ğŸ”¥ğŸ”¥ğŸ”¥ğŸ”¥ğŸ”¥,ğŸ”¥ğŸ”¥ğŸ”¥ğŸ”¥ğŸ”¥
2025-04-06,Miami Marlins,6-7,,Atlanta Braves,3-10,,,2.4,1.61,1.5,1.62,-1.5,2.37,7.5,1.99,1.86,MyBookie.ag,Away,0.975391,Over,0.7693482,ğŸ”¥ğŸ”¥ğŸ”¥ğŸ”¥ğŸ”¥,ğŸ”¥ğŸ”¥ğŸ”¥
2025-04-06,St. Louis Cardinals,4-4,4.0,Boston Red Sox,5-4,5.0,,2.06,1.8,1.5,1.53,-1.5,2.55,9.0,1.92,1.93,MyBookie.ag,Home,0.9854101,Over,0.9547723,ğŸ”¥ğŸ”¥ğŸ”¥ğŸ”¥ğŸ”¥,ğŸ”¥ğŸ”¥ğŸ”¥ğŸ”¥ğŸ”¥
2025-04-06,St. Louis Cardinals,4-5,7.0,Boston Red Sox,6-4,18.0,,2.06,1.8,1.5,1.53,-1.5,2.55,9.0,1.92,1.93,MyBookie.ag,Home,0.9854101,Over,0.9547723,ğŸ”¥ğŸ”¥ğŸ”¥ğŸ”¥ğŸ”¥,ğŸ”¥ğŸ”¥ğŸ”¥ğŸ”¥ğŸ”¥
2025-04-06,San Diego Padres,8-2,8.0,Chicago Cubs,7-5,7.0,,2.15,1.74,1.5,1.56,-1.5,2.5,7.5,2.02,1.83,MyBookie.ag,Away,0.92992115,Over,0.8012826,ğŸ”¥ğŸ”¥ğŸ”¥ğŸ”¥,ğŸ”¥ğŸ”¥ğŸ”¥
2025-04-06,Athletics,4-6,5.0,Colorado Rockies,2-7,12.0,,,,,,,,,,,,Away,0.6884266,Over,0.9796553,ğŸ”¥ğŸ”¥,ğŸ”¥ğŸ”¥ğŸ”¥ğŸ”¥ğŸ”¥
2025-04-06,Chicago White Sox,2-7,3.0,Detroit Tigers,5-4,4.0,,2.61,1.52,1.5,1.77,-1.5,2.1,7.5,2.0,1.85,MyBookie.ag,Away,0.9648261,Under,0.9810972,ğŸ”¥ğŸ”¥ğŸ”¥ğŸ”¥ğŸ”¥,ğŸ”¥ğŸ”¥ğŸ”¥ğŸ”¥ğŸ”¥
2025-04-06,Baltimore Orioles,4-6,1.0,Kansas City Royals,4-5,4.0,,1.94,1.91,-1.5,2.55,1.5,1.53,8.0,1.99,1.86,MyBookie.ag,Home,0.87902266,Under,0.90798646,ğŸ”¥ğŸ”¥ğŸ”¥ğŸ”¥,ğŸ”¥ğŸ”¥ğŸ”¥ğŸ”¥
2025-04-06,Cleveland Guardians,3-6,2.0,Los Angeles Angels,6-3,6.0,,1.91,1.94,-1.5,2.45,1.5,1.59,9.0,1.85,2.0,MyBookie.ag,Home,0.93549377,Under,0.96160793,ğŸ”¥ğŸ”¥ğŸ”¥ğŸ”¥,ğŸ”¥ğŸ”¥ğŸ”¥ğŸ”¥ğŸ”¥
2025-04-06,Cincinnati Reds,3-7,2.0,Milwaukee Brewers,5-5,8.0,,2.25,1.68,1.5,1.59,-1.5,2.45,8.5,1.96,1.89,MyBookie.ag,Home,0.90870976,Over,0.9218258,ğŸ”¥ğŸ”¥ğŸ”¥ğŸ”¥,ğŸ”¥ğŸ”¥ğŸ”¥ğŸ”¥
2025-04-06,Houston Astros,4-5,9.0,Minnesota Twins,3-6,7.0,,1.99,1.86,-1.5,2.55,1.5,1.53,8.5,1.93,1.91,MyBookie.ag,Away,0.98159504,Over,0.9253728,ğŸ”¥ğŸ”¥ğŸ”¥ğŸ”¥ğŸ”¥,ğŸ”¥ğŸ”¥ğŸ”¥ğŸ”¥
2025-04-06,Toronto Blue Jays,5-5,1.0,New York Mets,6-3,2.0,,2.25,1.68,1.5,1.59,-1.5,2.45,7.0,1.91,1.94,MyBookie.ag,Away,0.9389093,Under,0.90779406,ğŸ”¥ğŸ”¥ğŸ”¥ğŸ”¥,ğŸ”¥ğŸ”¥ğŸ”¥ğŸ”¥
2025-04-06,Los Angeles Dodgers,9-2,7.0,Philadelphia Phillies,7-2,8.0,,1.76,2.12,-1.5,2.35,1.5,1.65,7.5,2.04,1.81,MyBookie.ag,Home,0.988154,Over,0.98124325,ğŸ”¥ğŸ”¥ğŸ”¥ğŸ”¥ğŸ”¥,ğŸ”¥ğŸ”¥ğŸ”¥ğŸ”¥ğŸ”¥
2025-04-06,New York Yankees,6-3,4.0,Pittsburgh Pirates,3-7,5.0,,1.6,2.41,-1.5,1.95,1.5,1.87,9.0,1.98,1.87,MyBookie.ag,Home,0.58000594,Over,0.98480314,ğŸ”¥,ğŸ”¥ğŸ”¥ğŸ”¥ğŸ”¥ğŸ”¥
2025-04-06,Seattle Mariners,3-7,4.0,San Francisco Giants,8-1,5.0,,2.01,1.84,-1.5,2.65,1.5,1.48,7.5,2.01,1.84,MyBookie.ag,Home,0.9903943,Over,0.97857803,ğŸ”¥ğŸ”¥ğŸ”¥ğŸ”¥ğŸ”¥,ğŸ”¥ğŸ”¥ğŸ”¥ğŸ”¥ğŸ”¥
2025-04-06,Tampa Bay Rays,4-5,3.0,Texas Rangers,8-2,4.0,,1.89,1.96,-1.5,2.5,1.5,1.56,8.0,1.98,1.87,MyBookie.ag,Home,0.9708474,Under,0.759969,ğŸ”¥ğŸ”¥ğŸ”¥ğŸ”¥ğŸ”¥,ğŸ”¥ğŸ”¥ğŸ”¥
2025-04-06,Arizona Diamondbacks,5-5,4.0,Washington Nationals,3-6,5.0,,1.56,2.51,-1.5,1.95,1.5,1.87,7.5,1.85,2.0,MyBookie.ag,Home,0.8336147,Over,0.99321896,ğŸ”¥ğŸ”¥ğŸ”¥,ğŸ”¥ğŸ”¥ğŸ”¥ğŸ”¥ğŸ”¥
2025-04-07,Baltimore Orioles,5-6,5.0,Arizona Diamondbacks,5-6,1.0,,,,,,,,,,,,Away,0.6884266,Over,0.9796553,ğŸ”¥ğŸ”¥,ğŸ”¥ğŸ”¥ğŸ”¥ğŸ”¥ğŸ”¥
2025-04-07,San Diego Padres,9-2,5.0,Athletics,4-7,4.0,,,,,,,,,,,,Away,0.6884266,Over,0.9796553,ğŸ”¥ğŸ”¥,ğŸ”¥ğŸ”¥ğŸ”¥ğŸ”¥ğŸ”¥
2025-04-07,Toronto Blue Jays,6-5,6.0,Boston Red Sox,6-5,2.0,,2.14,1.74,1.5,1.59,-1.5,2.45,8.5,1.85,2.0,MyBookie.ag,Away,0.96729714,Under,0.97943294,ğŸ”¥ğŸ”¥ğŸ”¥ğŸ”¥ğŸ”¥,ğŸ”¥ğŸ”¥ğŸ”¥ğŸ”¥ğŸ”¥
2025-04-07,Texas Rangers,8-3,0.0,Chicago Cubs,8-5,7.0,,2.1,1.77,1.5,1.48,-1.5,2.65,6.0,1.94,1.91,MyBookie.ag,Home,0.9439226,Over,0.8992558,ğŸ”¥ğŸ”¥ğŸ”¥ğŸ”¥,ğŸ”¥ğŸ”¥ğŸ”¥ğŸ”¥
2025-04-07,New York Yankees,6-4,2.0,Detroit Tigers,6-4,6.0,,1.61,2.39,-1.5,2.02,1.5,1.82,8.5,1.97,1.88,MyBookie.ag,Home,0.7083779,Under,0.7059688,ğŸ”¥ğŸ”¥,ğŸ”¥ğŸ”¥
2025-04-07,Minnesota Twins,3-7,2.0,Kansas City Royals,5-5,4.0,,2.0,1.85,-1.5,2.6,1.5,1.5,8.0,1.9,1.94,MyBookie.ag,Home,0.9516804,Under,0.89363146,ğŸ”¥ğŸ”¥ğŸ”¥ğŸ”¥ğŸ”¥,ğŸ”¥ğŸ”¥ğŸ”¥ğŸ”¥
2025-04-07,Miami Marlins,5-5,0.0,New York Mets,7-3,2.0,,3.26,1.36,1.5,2.05,-1.5,1.8,7.0,1.83,2.03,MyBookie.ag,Home,0.95846224,Under,0.9031944,ğŸ”¥ğŸ”¥ğŸ”¥ğŸ”¥ğŸ”¥,ğŸ”¥ğŸ”¥ğŸ”¥ğŸ”¥
2025-04-07,St. Louis Cardinals,4-6,4.0,Pittsburgh Pirates,4-7,8.0,,1.8,2.06,-1.5,2.38,1.5,1.63,8.0,1.89,1.96,MyBookie.ag,Home,0.9977609,Over,0.8637534,ğŸ”¥ğŸ”¥ğŸ”¥ğŸ”¥ğŸ”¥,ğŸ”¥ğŸ”¥ğŸ”¥ğŸ”¥
2025-04-07,Cincinnati Reds,4-7,2.0,San Francisco Giants,8-2,0.0,,,,,,,,,,,,Away,0.6884266,Over,0.9796553,ğŸ”¥ğŸ”¥,ğŸ”¥ğŸ”¥ğŸ”¥ğŸ”¥ğŸ”¥
2025-04-07,Houston Astros,4-6,3.0,Seattle Mariners,4-7,4.0,,,,,,,,,,,,Away,0.6884266,Over,0.9796553,ğŸ”¥ğŸ”¥,ğŸ”¥ğŸ”¥ğŸ”¥ğŸ”¥ğŸ”¥
2025-04-07,Los Angeles Dodgers,9-3,4.0,Washington Nationals,4-6,6.0,,1.48,2.73,-1.5,1.84,1.5,2.0,7.5,1.9,1.94,MyBookie.ag,Home,0.98718345,Over,0.99813205,ğŸ”¥ğŸ”¥ğŸ”¥ğŸ”¥ğŸ”¥,ğŸ”¥ğŸ”¥ğŸ”¥ğŸ”¥ğŸ”¥
2025-04-08,Baltimore Orioles,5-7,3.0,Arizona Diamondbacks,6-6,4.0,,2.06,1.81,1.5,1.5,-1.5,2.6,8.5,1.99,1.86,MyBookie.ag,Away,0.9897043,Under,0.99265057,ğŸ”¥ğŸ”¥ğŸ”¥ğŸ”¥ğŸ”¥,ğŸ”¥ğŸ”¥ğŸ”¥ğŸ”¥ğŸ”¥
2025-04-08,San Diego Padres,9-3,4.0,Athletics,5-7,10.0,,,,,,,,,,,,Away,0.6884266,Over,0.9796553,ğŸ”¥ğŸ”¥,ğŸ”¥ğŸ”¥ğŸ”¥ğŸ”¥ğŸ”¥
2025-04-08,Philadelphia Phillies,7-3,5.0,Atlanta Braves,2-8,7.0,,1.97,1.88,-1.5,2.65,1.5,1.48,7.0,2.01,1.85,MyBookie.ag,Home,0.9660801,Over,0.9917424,ğŸ”¥ğŸ”¥ğŸ”¥ğŸ”¥ğŸ”¥,ğŸ”¥ğŸ”¥ğŸ”¥ğŸ”¥ğŸ”¥
2025-04-08,Toronto Blue Jays,7-5,6.0,Boston Red Sox,6-6,1.0,,2.7,1.49,1.5,1.83,-1.5,2.0,8.0,2.0,1.85,MyBookie.ag,Away,0.9813818,Under,0.99899155,ğŸ”¥ğŸ”¥ğŸ”¥ğŸ”¥ğŸ”¥,ğŸ”¥ğŸ”¥ğŸ”¥ğŸ”¥ğŸ”¥
2025-04-08,Texas Rangers,8-4,6.0,Chicago Cubs,9-5,10.0,,2.35,1.63,1.5,1.62,-1.5,2.39,8.0,1.93,1.92,MyBookie.ag,Home,0.8855535,Over,0.92977357,ğŸ”¥ğŸ”¥ğŸ”¥ğŸ”¥,ğŸ”¥ğŸ”¥ğŸ”¥ğŸ”¥
2025-04-08,Chicago White Sox,2-8,0.0,Cleveland Guardians,4-6,1.0,,2.65,1.51,1.5,1.74,-1.5,2.15,7.0,1.84,2.01,MyBookie.ag,Away,0.82924926,Under,0.9539167,ğŸ”¥ğŸ”¥ğŸ”¥,ğŸ”¥ğŸ”¥ğŸ”¥ğŸ”¥ğŸ”¥
2025-04-08,Milwaukee Brewers,6-5,7.0,Colorado Rockies,2-8,1.0,,,,,,,,,,,,Away,0.6884266,Over,0.9796553,ğŸ”¥ğŸ”¥,ğŸ”¥ğŸ”¥ğŸ”¥ğŸ”¥ğŸ”¥
2025-04-08,New York Yankees,6-5,0.0,Detroit Tigers,7-4,5.0,,2.48,1.57,1.5,1.71,-1.5,2.2,,,,MyBookie.ag,Away,0.91581506,Over,0.6167517,ğŸ”¥ğŸ”¥ğŸ”¥ğŸ”¥,ğŸ”¥ğŸ”¥
2025-04-08,Minnesota Twins,3-8,1.0,Kansas City Royals,6-5,2.0,,2.01,1.84,-1.5,2.65,1.5,1.48,7.5,1.95,1.9,MyBookie.ag,Home,0.96206784,Under,0.92393357,ğŸ”¥ğŸ”¥ğŸ”¥ğŸ”¥ğŸ”¥,ğŸ”¥ğŸ”¥ğŸ”¥ğŸ”¥
2025-04-08,Miami Marlins,5-6,5.0,New York Mets,8-3,10.0,,3.28,1.36,1.5,2.0,-1.5,1.85,7.0,1.88,1.97,MyBookie.ag,Home,0.98588353,Over,0.9304816,ğŸ”¥ğŸ”¥ğŸ”¥ğŸ”¥ğŸ”¥,ğŸ”¥ğŸ”¥ğŸ”¥ğŸ”¥
2025-04-08,St. Louis Cardinals,5-6,5.0,Pittsburgh Pirates,4-8,3.0,,2.16,1.73,1.5,1.5,-1.5,2.6,6.5,1.88,1.97,MyBookie.ag,Away,0.98551613,Over,0.9438021,ğŸ”¥ğŸ”¥ğŸ”¥ğŸ”¥ğŸ”¥,ğŸ”¥ğŸ”¥ğŸ”¥ğŸ”¥
2025-04-08,Cincinnati Reds,5-7,1.0,San Francisco Giants,8-3,0.0,,2.3,1.65,1.5,1.59,-1.5,2.45,7.0,2.03,1.83,MyBookie.ag,Away,0.9707731,Under,0.86418253,ğŸ”¥ğŸ”¥ğŸ”¥ğŸ”¥ğŸ”¥,ğŸ”¥ğŸ”¥ğŸ”¥ğŸ”¥
2025-04-08,Houston Astros,5-6,2.0,Seattle Mariners,4-8,1.0,,2.4,1.61,1.5,1.61,-1.5,2.43,7.0,1.83,2.02,MyBookie.ag,Away,0.97218615,Under,0.9079788,ğŸ”¥ğŸ”¥ğŸ”¥ğŸ”¥ğŸ”¥,ğŸ”¥ğŸ”¥ğŸ”¥ğŸ”¥
2025-04-08,Los Angeles Angels,7-3,4.0,Tampa Bay Rays,4-6,3.0,,2.46,1.58,1.5,1.69,-1.5,2.22,8.5,1.91,1.94,MyBookie.ag,Away,0.9139565,Under,0.9831497,ğŸ”¥ğŸ”¥ğŸ”¥ğŸ”¥,ğŸ”¥ğŸ”¥ğŸ”¥ğŸ”¥ğŸ”¥
2025-04-08,Los Angeles Dodgers,9-4,2.0,Washington Nationals,5-6,8.0,,1.54,2.56,-1.5,1.82,1.5,2.01,9.0,1.96,1.89,MyBookie.ag,Home,0.8993959,Over,0.97224414,ğŸ”¥ğŸ”¥ğŸ”¥ğŸ”¥,ğŸ”¥ğŸ”¥ğŸ”¥ğŸ”¥ğŸ”¥
2025-04-09,Baltimore Orioles,5-8,0.0,Arizona Diamondbacks,7-6,9.0,,2.07,1.8,1.5,1.5,-1.5,2.63,9.0,1.96,1.89,MyBookie.ag,Home,0.77804375,Over,0.5406505,ğŸ”¥ğŸ”¥ğŸ”¥,ğŸ”¥
2025-04-09,San Diego Padres,10-3,2.0,Athletics,5-8,1.0,,,,,,,,,,,,Away,0.6884266,Over,0.9796553,ğŸ”¥ğŸ”¥,ğŸ”¥ğŸ”¥ğŸ”¥ğŸ”¥ğŸ”¥
2025-04-09,Philadelphia Phillies,8-3,4.0,Atlanta Braves,2-9,3.0,,2.2,1.71,1.5,1.62,-1.5,2.4,8.5,1.86,1.99,MyBookie.ag,Away,0.94979006,Under,0.8833531,ğŸ”¥ğŸ”¥ğŸ”¥ğŸ”¥,ğŸ”¥ğŸ”¥ğŸ”¥ğŸ”¥
2025-04-09,Toronto Blue Jays,8-5,2.0,Boston Red Sox,6-7,1.0,,2.1,1.77,1.5,1.53,-1.5,2.55,8.0,1.89,1.96,MyBookie.ag,Home,0.53097975,Under,0.9181617,ğŸ”¥,ğŸ”¥ğŸ”¥ğŸ”¥ğŸ”¥
2025-04-09,Texas Rangers,9-4,6.0,Chicago Cubs,9-6,2.0,,2.43,1.59,1.5,1.66,-1.5,2.31,7.5,1.91,1.93,MyBookie.ag,Away,0.92021203,Over,0.9198361,ğŸ”¥ğŸ”¥ğŸ”¥ğŸ”¥,ğŸ”¥ğŸ”¥ğŸ”¥ğŸ”¥
2025-04-09,Chicago White Sox,2-9,2.0,Cleveland Guardians,5-6,3.0,,2.61,1.52,1.5,1.77,-1.5,2.1,7.5,2.03,1.83,MyBookie.ag,Away,0.9714643,Under,0.9367553,ğŸ”¥ğŸ”¥ğŸ”¥ğŸ”¥ğŸ”¥,ğŸ”¥ğŸ”¥ğŸ”¥ğŸ”¥
2025-04-09,Milwaukee Brewers,7-5,17.0,Colorado Rockies,2-9,2.0,,1.61,2.38,-1.5,1.95,1.5,1.87,9.5,1.95,1.9,MyBookie.ag,Away,0.9627001,Over,0.96805423,ğŸ”¥ğŸ”¥ğŸ”¥ğŸ”¥ğŸ”¥,ğŸ”¥ğŸ”¥ğŸ”¥ğŸ”¥ğŸ”¥
2025-04-09,New York Yankees,7-5,4.0,Detroit Tigers,7-5,3.0,,1.64,2.32,-1.5,2.15,1.5,1.74,7.0,1.91,1.93,MyBookie.ag,Home,0.9222083,Over,0.87619084,ğŸ”¥ğŸ”¥ğŸ”¥ğŸ”¥,ğŸ”¥ğŸ”¥ğŸ”¥ğŸ”¥
2025-04-09,Minnesota Twins,4-8,4.0,Kansas City Royals,6-6,0.0,,1.94,1.9,-1.5,2.55,1.5,1.53,7.5,1.88,1.97,MyBookie.ag,Away,0.8366452,Under,0.9477668,ğŸ”¥ğŸ”¥ğŸ”¥,ğŸ”¥ğŸ”¥ğŸ”¥ğŸ”¥
2025-04-09,Miami Marlins,6-6,5.0,New York Mets,8-4,0.0,,2.8,1.47,1.5,1.83,-1.5,2.0,7.0,1.87,1.98,MyBookie.ag,Away,0.95009893,Under,0.8544229,ğŸ”¥ğŸ”¥ğŸ”¥ğŸ”¥ğŸ”¥,ğŸ”¥ğŸ”¥ğŸ”¥ğŸ”¥
2025-04-09,St. Louis Cardinals,5-7,1.0,Pittsburgh Pirates,5-8,2.0,,1.87,1.97,-1.5,2.45,1.5,1.59,8.0,2.0,1.85,MyBookie.ag,Home,0.9864775,Under,0.7491929,ğŸ”¥ğŸ”¥ğŸ”¥ğŸ”¥ğŸ”¥,ğŸ”¥ğŸ”¥
2025-04-09,Cincinnati Reds,5-8,6.0,San Francisco Giants,9-3,8.0,,2.23,1.69,1.5,1.56,-1.5,2.52,7.5,1.92,1.93,MyBookie.ag,Home,0.8706595,Over,0.97405684,ğŸ”¥ğŸ”¥ğŸ”¥ğŸ”¥,ğŸ”¥ğŸ”¥ğŸ”¥ğŸ”¥ğŸ”¥
2025-04-09,Houston Astros,5-7,6.0,Seattle Mariners,5-8,7.0,,1.71,2.19,-1.5,2.2,1.5,1.71,7.5,1.98,1.87,MyBookie.ag,Home,0.99720323,Over,0.9598578,ğŸ”¥ğŸ”¥ğŸ”¥ğŸ”¥ğŸ”¥,ğŸ”¥ğŸ”¥ğŸ”¥ğŸ”¥ğŸ”¥
2025-04-09,Los Angeles Angels,7-4,4.0,Tampa Bay Rays,5-6,5.0,,2.2,1.71,1.5,1.59,-1.5,2.45,8.0,1.93,1.91,MyBookie.ag,Away,0.9021707,Over,0.9229048,ğŸ”¥ğŸ”¥ğŸ”¥ğŸ”¥,ğŸ”¥ğŸ”¥ğŸ”¥ğŸ”¥
2025-04-09,Los Angeles Dodgers,10-4,6.0,Washington Nationals,5-7,5.0,,1.51,2.63,-1.5,1.84,1.5,2.0,9.0,1.91,1.94,MyBookie.ag,Home,0.98995507,Over,0.98067683,ğŸ”¥ğŸ”¥ğŸ”¥ğŸ”¥ğŸ”¥,ğŸ”¥ğŸ”¥ğŸ”¥ğŸ”¥ğŸ”¥
2025-04-10,Philadelphia Phillies,8-4,2.0,Atlanta Braves,3-9,4.0,,2.06,1.8,1.5,1.48,-1.5,2.65,7.5,2.02,1.83,MyBookie.ag,Home,0.88669777,Under,0.93955916,ğŸ”¥ğŸ”¥ğŸ”¥ğŸ”¥,ğŸ”¥ğŸ”¥ğŸ”¥ğŸ”¥
2025-04-10,Toronto Blue Jays,8-6,3.0,Boston Red Sox,7-7,4.0,,1.94,1.91,1.5,1.45,-1.5,2.7,9.0,1.98,1.87,MyBookie.ag,Away,0.9103758,Under,0.7862715,ğŸ”¥ğŸ”¥ğŸ”¥ğŸ”¥,ğŸ”¥ğŸ”¥ğŸ”¥
2025-04-10,Chicago White Sox,2-10,1.0,Cleveland Guardians,6-6,6.0,,3.07,1.4,1.5,2.0,-1.5,1.84,7.0,1.85,2.01,MyBookie.ag,Home,0.96310973,Over,0.59486616,ğŸ”¥ğŸ”¥ğŸ”¥ğŸ”¥ğŸ”¥,ğŸ”¥
2025-04-10,Milwaukee Brewers,7-6,2.0,Colorado Rockies,3-9,7.0,,1.78,2.1,-1.5,2.2,1.5,1.71,10.0,1.87,1.98,MyBookie.ag,Home,0.98897153,Under,0.9926987,ğŸ”¥ğŸ”¥ğŸ”¥ğŸ”¥ğŸ”¥,ğŸ”¥ğŸ”¥ğŸ”¥ğŸ”¥ğŸ”¥
2025-04-10,Minnesota Twins,4-9,2.0,Kansas City Royals,7-6,3.0,,2.0,1.85,1.5,1.48,-1.5,2.65,8.5,2.0,1.85,MyBookie.ag,Away,0.9878592,Under,0.80698806,ğŸ”¥ğŸ”¥ğŸ”¥ğŸ”¥ğŸ”¥,ğŸ”¥ğŸ”¥ğŸ”¥
2025-04-10,Los Angeles Angels,8-4,11.0,Tampa Bay Rays,5-7,1.0,,2.0,1.85,1.5,1.48,-1.5,2.65,8.5,1.98,1.87,MyBookie.ag,Away,0.9736845,Over,0.8292204,ğŸ”¥ğŸ”¥ğŸ”¥ğŸ”¥ğŸ”¥,ğŸ”¥ğŸ”¥ğŸ”¥
2025-04-11,Milwaukee Brewers,8-6,7.0,Arizona Diamondbacks,7-7,0.0,,,,,,,,,,,,Away,0.6884266,Over,0.9796553,ğŸ”¥ğŸ”¥,ğŸ”¥ğŸ”¥ğŸ”¥ğŸ”¥ğŸ”¥
2025-04-11,New York Mets,9-4,7.0,Athletics,5-9,6.0,,,,,,,,,,,,Away,0.6884266,Over,0.9796553,ğŸ”¥ğŸ”¥,ğŸ”¥ğŸ”¥ğŸ”¥ğŸ”¥ğŸ”¥
2025-04-11,Toronto Blue Jays,8-7,,Baltimore Orioles,6-8,,,2.06,1.8,1.5,1.53,-1.5,2.55,8.0,1.86,1.99,MyBookie.ag,Home,0.80415165,Over,0.65224385,ğŸ”¥ğŸ”¥ğŸ”¥,ğŸ”¥ğŸ”¥
2025-04-11,Boston Red Sox,7-8,1.0,Chicago White Sox,3-10,11.0,,1.64,2.32,-1.5,2.1,1.5,1.77,8.0,1.96,1.89,MyBookie.ag,Away,0.7001537,Over,0.6381748,ğŸ”¥ğŸ”¥,ğŸ”¥ğŸ”¥
2025-04-11,Pittsburgh Pirates,5-9,3.0,Cincinnati Reds,6-8,5.0,,2.34,1.63,1.5,1.67,-1.5,2.3,8.0,1.86,1.99,MyBookie.ag,Away,0.5337218,Under,0.66533566,ğŸ”¥,ğŸ”¥ğŸ”¥
2025-04-11,Kansas City Royals,7-7,0.0,Cleveland Guardians,7-6,7.0,,2.11,1.77,1.5,1.5,-1.5,2.6,7.0,1.98,1.87,MyBookie.ag,Home,0.98001695,Over,0.69175196,ğŸ”¥ğŸ”¥ğŸ”¥ğŸ”¥ğŸ”¥,ğŸ”¥ğŸ”¥
2025-04-11,Los Angeles Angels,8-5,3.0,Houston Astros,6-7,14.0,,,,,,,,,,,,Away,0.6884266,Over,0.9796553,ğŸ”¥ğŸ”¥,ğŸ”¥ğŸ”¥ğŸ”¥ğŸ”¥ğŸ”¥
2025-04-11,Chicago Cubs,9-7,0.0,Los Angeles Dodgers,11-4,3.0,,,,,,,,,,,,Away,0.6884266,Over,0.9796553,ğŸ”¥ğŸ”¥,ğŸ”¥ğŸ”¥ğŸ”¥ğŸ”¥ğŸ”¥
2025-04-11,Washington Nationals,6-7,7.0,Miami Marlins,6-7,4.0,,1.89,1.96,-1.5,2.45,1.5,1.59,8.0,1.87,1.97,MyBookie.ag,Away,0.7369275,Under,0.96606046,ğŸ”¥ğŸ”¥,ğŸ”¥ğŸ”¥ğŸ”¥ğŸ”¥ğŸ”¥
2025-04-11,Detroit Tigers,8-5,7.0,Minnesota Twins,4-10,6.0,,,,,,,,,,,,Away,0.6884266,Over,0.9796553,ğŸ”¥ğŸ”¥,ğŸ”¥ğŸ”¥ğŸ”¥ğŸ”¥ğŸ”¥
2025-04-11,San Francisco Giants,10-3,9.0,New York Yankees,7-6,1.0,,2.1,1.77,1.5,1.53,-1.5,2.55,8.0,1.96,1.89,MyBookie.ag,Home,0.97424656,Under,0.8258681,ğŸ”¥ğŸ”¥ğŸ”¥ğŸ”¥ğŸ”¥,ğŸ”¥ğŸ”¥ğŸ”¥
2025-04-11,Colorado Rockies,3-10,0.0,San Diego Padres,11-3,8.0,,,,,,,,,,,,Away,0.6884266,Over,0.9796553,ğŸ”¥ğŸ”¥,ğŸ”¥ğŸ”¥ğŸ”¥ğŸ”¥ğŸ”¥
2025-04-11,Texas Rangers,9-5,3.0,Seattle Mariners,6-8,5.0,,,,,,,,,,,,Away,0.6884266,Over,0.9796553,ğŸ”¥ğŸ”¥,ğŸ”¥ğŸ”¥ğŸ”¥ğŸ”¥ğŸ”¥
2025-04-11,Philadelphia Phillies,8-5,0.0,St. Louis Cardinals,6-7,2.0,,,,,,,,,,,,Away,0.6884266,Over,0.9796553,ğŸ”¥ğŸ”¥,ğŸ”¥ğŸ”¥ğŸ”¥ğŸ”¥ğŸ”¥
2025-04-11,Atlanta Braves,3-10,3.0,Tampa Bay Rays,6-7,6.0,,2.14,1.75,1.5,1.59,-1.5,2.45,9.0,1.9,1.95,MyBookie.ag,Home,0.646638,Over,0.58473563,ğŸ”¥ğŸ”¥,ğŸ”¥
2025-04-12,Milwaukee Brewers,8-7,4.0,Arizona Diamondbacks,8-7,5.0,,2.34,1.63,1.5,1.67,-1.5,2.3,8.5,1.83,2.03,MyBookie.ag,Away,0.7190253,Over,0.61486864,ğŸ”¥ğŸ”¥,ğŸ”¥ğŸ”¥
2025-04-12,New York Mets,9-5,1.0,Athletics,6-9,3.0,,,,,,,,,,,,Away,0.6884266,Over,0.9796553,ğŸ”¥ğŸ”¥,ğŸ”¥ğŸ”¥ğŸ”¥ğŸ”¥ğŸ”¥
2025-04-12,Toronto Blue Jays,8-7,4.0,Baltimore Orioles,6-8,5.0,,6.75,1.1,-1.5,10.0,1.5,1.02,,,,MyBookie.ag,Home,0.78718,Over,0.6290363,ğŸ”¥ğŸ”¥ğŸ”¥,ğŸ”¥ğŸ”¥
2025-04-12,Boston Red Sox,7-9,2.0,Chicago White Sox,4-10,3.0,,1.9,1.9,-1.5,3.7,1.5,1.22,,,,MyBookie.ag,Away,0.9489969,Under,0.6021251,ğŸ”¥ğŸ”¥ğŸ”¥ğŸ”¥,ğŸ”¥ğŸ”¥
2025-04-12,Pittsburgh Pirates,5-10,2.0,Cincinnati Reds,7-8,5.0,,12.5,1.02,3.5,1.65,-3.5,2.1,9.0,2.0,1.75,MyBookie.ag,Away,0.5238827,Under,0.95821875,ğŸ”¥,ğŸ”¥ğŸ”¥ğŸ”¥ğŸ”¥ğŸ”¥
2025-04-12,Kansas City Royals,7-8,3.0,Cleveland Guardians,8-6,6.0,,,,4.5,3.25,-4.5,1.3,7.5,3.25,1.3,MyBookie.ag,Home,0.77299094,Over,0.98620194,ğŸ”¥ğŸ”¥ğŸ”¥,ğŸ”¥ğŸ”¥ğŸ”¥ğŸ”¥ğŸ”¥
2025-04-12,Los Angeles Angels,9-5,4.0,Houston Astros,6-8,1.0,,1.08,7.5,-3.5,1.7,3.5,2.05,7.5,1.8,1.85,MyBookie.ag,Away,0.59150374,Over,0.9928607,ğŸ”¥,ğŸ”¥ğŸ”¥ğŸ”¥ğŸ”¥ğŸ”¥
2025-04-12,Chicago Cubs,10-7,16.0,Los Angeles Dodgers,11-5,0.0,,2.61,1.52,1.5,1.8,-1.5,2.05,8.0,1.96,1.89,MyBookie.ag,Away,0.9298782,Under,0.995141,ğŸ”¥ğŸ”¥ğŸ”¥ğŸ”¥,ğŸ”¥ğŸ”¥ğŸ”¥ğŸ”¥ğŸ”¥
2025-04-12,Washington Nationals,6-8,6.0,Miami Marlins,7-7,7.0,,12.75,1.02,,,,,,,,MyBookie.ag,Away,0.8924234,Under,0.6976978,ğŸ”¥ğŸ”¥ğŸ”¥ğŸ”¥,ğŸ”¥ğŸ”¥
2025-04-12,Detroit Tigers,9-5,4.0,Minnesota Twins,4-11,0.0,,1.9,1.85,-1.5,2.6,1.5,1.45,7.0,1.85,1.85,MyBookie.ag,Away,0.8414508,Under,0.67341065,ğŸ”¥ğŸ”¥ğŸ”¥,ğŸ”¥ğŸ”¥
2025-04-12,San Francisco Giants,10-4,4.0,New York Yankees,8-6,8.0,,19.0,1.0,3.5,1.62,-3.5,2.2,,,,FanDuel,Away,0.98525584,Over,0.72621584,ğŸ”¥ğŸ”¥ğŸ”¥ğŸ”¥ğŸ”¥,ğŸ”¥ğŸ”¥
2025-04-12,Colorado Rockies,3-11,0.0,San Diego Padres,12-3,2.0,,2.8,1.47,1.5,1.83,-1.5,2.0,7.5,2.05,1.81,MyBookie.ag,Away,0.9776258,Under,0.8488466,ğŸ”¥ğŸ”¥ğŸ”¥ğŸ”¥ğŸ”¥,ğŸ”¥ğŸ”¥ğŸ”¥
2025-04-12,Texas Rangers,9-6,2.0,Seattle Mariners,7-8,9.0,,1.8,2.06,-1.5,2.45,1.5,1.59,6.5,1.84,2.02,MyBookie.ag,Away,0.77298725,Under,0.50678945,ğŸ”¥ğŸ”¥ğŸ”¥,ğŸ”¥
2025-04-12,Philadelphia Phillies,9-5,4.0,St. Louis Cardinals,6-8,1.0,,1.18,4.7,-3.5,2.1,3.5,1.65,8.0,1.9,1.8,MyBookie.ag,Home,0.9383456,Over,0.85815984,ğŸ”¥ğŸ”¥ğŸ”¥ğŸ”¥,ğŸ”¥ğŸ”¥ğŸ”¥ğŸ”¥
2025-04-12,Atlanta Braves,4-10,5.0,Tampa Bay Rays,6-8,4.0,,1.04,10.25,-2.5,3.35,2.5,1.3,,,,MyBookie.ag,Away,0.77121973,Over,0.9531174,ğŸ”¥ğŸ”¥ğŸ”¥,ğŸ”¥ğŸ”¥ğŸ”¥ğŸ”¥ğŸ”¥
2025-04-13,Milwaukee Brewers,8-8,2.0,Arizona Diamondbacks,9-7,5.0,,2.03,1.83,1.5,1.5,-1.5,2.6,8.0,1.85,2.01,MyBookie.ag,Away,0.867468,Under,0.9271803,ğŸ”¥ğŸ”¥ğŸ”¥ğŸ”¥,ğŸ”¥ğŸ”¥ğŸ”¥ğŸ”¥
2025-04-13,New York Mets,10-5,8.0,Athletics,6-10,0.0,,,,,,,,,,,,Away,0.6884266,Over,0.9796553,ğŸ”¥ğŸ”¥,ğŸ”¥ğŸ”¥ğŸ”¥ğŸ”¥ğŸ”¥
2025-04-13,Toronto Blue Jays,9-7,7.0,Baltimore Orioles,6-9,6.0,,12.0,1.02,3.5,1.5,-3.5,2.45,10.5,1.95,1.75,MyBookie.ag,Away,0.89337516,Under,0.90525854,ğŸ”¥ğŸ”¥ğŸ”¥ğŸ”¥,ğŸ”¥ğŸ”¥ğŸ”¥ğŸ”¥
2025-04-13,Boston Red Sox,8-9,3.0,Chicago White Sox,4-11,1.0,,1.04,10.0,-2.5,2.4,2.5,1.5,3.0,1.85,1.85,MyBookie.ag,Away,0.66764826,Over,0.9838532,ğŸ”¥ğŸ”¥,ğŸ”¥ğŸ”¥ğŸ”¥ğŸ”¥ğŸ”¥
2025-04-13,Pittsburgh Pirates,5-11,0.0,Cincinnati Reds,8-8,4.0,,,,3.5,5.75,-3.5,1.1,,,,MyBookie.ag,Away,0.7556778,Over,0.96020406,ğŸ”¥ğŸ”¥ğŸ”¥,ğŸ”¥ğŸ”¥ğŸ”¥ğŸ”¥ğŸ”¥
2025-04-13,Kansas City Royals,8-8,4.0,Cleveland Guardians,8-7,2.0,,1.03,11.75,,,,,,,,MyBookie.ag,Away,0.5996833,Over,0.9749359,ğŸ”¥,ğŸ”¥ğŸ”¥ğŸ”¥ğŸ”¥ğŸ”¥
2025-04-13,Los Angeles Angels,9-6,3.0,Houston Astros,7-8,7.0,,6.25,1.12,2.5,1.65,-2.5,2.1,11.0,2.0,1.75,MyBookie.ag,Away,0.5238827,Under,0.95821875,ğŸ”¥,ğŸ”¥ğŸ”¥ğŸ”¥ğŸ”¥ğŸ”¥
2025-04-13,Chicago Cubs,11-7,4.0,Los Angeles Dodgers,11-6,2.0,,3.1,1.35,1.5,1.85,-1.5,1.85,8.0,1.85,1.85,MyBookie.ag,Away,0.57495344,Under,0.925455,ğŸ”¥,ğŸ”¥ğŸ”¥ğŸ”¥ğŸ”¥
2025-04-13,Washington Nationals,6-9,4.0,Miami Marlins,8-7,11.0,,4.45,1.2,1.5,1.45,-1.5,2.55,8.5,1.65,2.1,MyBookie.ag,Away,0.9093905,Under,0.8575633,ğŸ”¥ğŸ”¥ğŸ”¥ğŸ”¥,ğŸ”¥ğŸ”¥ğŸ”¥ğŸ”¥
2025-04-13,Detroit Tigers,9-6,1.0,Minnesota Twins,5-11,5.0,,9.25,1.05,2.5,2.45,-2.5,1.5,6.5,1.85,1.8,MyBookie.ag,Home,0.7716789,Over,0.6237568,ğŸ”¥ğŸ”¥ğŸ”¥,ğŸ”¥ğŸ”¥
2025-04-13,San Francisco Giants,11-4,5.0,New York Yankees,8-7,4.0,,1.09,7.0,-2.5,2.1,2.5,1.65,10.0,1.8,1.9,MyBookie.ag,Home,0.9356905,Over,0.5288915,ğŸ”¥ğŸ”¥ğŸ”¥ğŸ”¥,ğŸ”¥
2025-04-13,Colorado Rockies,3-12,0.0,San Diego Padres,13-3,6.0,,3.02,1.41,1.5,1.91,-1.5,1.91,7.0,1.85,2.0,MyBookie.ag,Home,0.9501633,Over,0.6422647,ğŸ”¥ğŸ”¥ğŸ”¥ğŸ”¥ğŸ”¥,ğŸ”¥ğŸ”¥
2025-04-13,Texas Rangers,9-7,1.0,Seattle Mariners,8-8,3.0,,2.18,1.72,1.5,1.5,-1.5,2.63,6.5,1.88,1.97,MyBookie.ag,Away,0.98551613,Over,0.9438021,ğŸ”¥ğŸ”¥ğŸ”¥ğŸ”¥ğŸ”¥,ğŸ”¥ğŸ”¥ğŸ”¥ğŸ”¥
2025-04-13,Philadelphia Phillies,9-6,0.0,St. Louis Cardinals,7-8,7.0,,11.0,1.03,3.5,2.2,-3.5,1.6,6.0,1.8,1.95,MyBookie.ag,Home,0.9422744,Under,0.8620068,ğŸ”¥ğŸ”¥ğŸ”¥ğŸ”¥,ğŸ”¥ğŸ”¥ğŸ”¥ğŸ”¥
2025-04-13,Atlanta Braves,4-11,3.0,Tampa Bay Rays,7-8,8.0,,,,4.5,2.05,-4.5,1.7,13.0,1.75,1.95,MyBookie.ag,Home,0.9718472,Under,0.6981102,ğŸ”¥ğŸ”¥ğŸ”¥ğŸ”¥ğŸ”¥,ğŸ”¥ğŸ”¥
2025-04-14,Colorado Rockies,3-13,3.0,Los Angeles Dodgers,12-6,5.0,,,,,,,,,,,,Away,0.6884266,Over,0.9796553,ğŸ”¥ğŸ”¥,ğŸ”¥ğŸ”¥ğŸ”¥ğŸ”¥ğŸ”¥
2025-04-14,Detroit Tigers,10-6,9.0,Milwaukee Brewers,8-9,1.0,,1.6,2.42,-1.5,2.05,1.5,1.8,7.0,1.82,2.0,MyBookie.ag,Away,0.76860344,Over,0.8088997,ğŸ”¥ğŸ”¥ğŸ”¥,ğŸ”¥ğŸ”¥ğŸ”¥
2025-04-14,New York Mets,11-5,5.0,Minnesota Twins,5-12,1.0,,2.01,1.84,-1.5,2.6,1.5,1.5,8.5,1.96,1.86,MyBookie.ag,Away,0.8106476,Over,0.73145163,ğŸ”¥ğŸ”¥ğŸ”¥,ğŸ”¥ğŸ”¥
2025-04-14,Kansas City Royals,8-9,1.0,New York Yankees,9-7,4.0,,2.2,1.71,1.5,1.56,-1.5,2.52,9.0,2.0,1.82,MyBookie.ag,Home,0.85413164,Under,0.8284461,ğŸ”¥ğŸ”¥ğŸ”¥ğŸ”¥,ğŸ”¥ğŸ”¥ğŸ”¥
2025-04-14,San Francisco Giants,12-4,10.0,Philadelphia Phillies,9-7,4.0,,1.99,1.86,-1.5,2.55,1.5,1.53,8.5,1.83,1.99,MyBookie.ag,Away,0.8698157,Under,0.5300551,ğŸ”¥ğŸ”¥ğŸ”¥ğŸ”¥,ğŸ”¥
2025-04-14,Washington Nationals,6-10,3.0,Pittsburgh Pirates,6-11,10.0,,2.8,1.46,1.5,1.83,-1.5,2.0,7.0,1.86,1.95,MyBookie.ag,Away,0.84447587,Under,0.9643868,ğŸ”¥ğŸ”¥ğŸ”¥,ğŸ”¥ğŸ”¥ğŸ”¥ğŸ”¥ğŸ”¥
2025-04-14,Chicago Cubs,11-8,4.0,San Diego Padres,14-3,10.0,,,,,,,,,,,,Away,0.6884266,Over,0.9796553,ğŸ”¥ğŸ”¥,ğŸ”¥ğŸ”¥ğŸ”¥ğŸ”¥ğŸ”¥
2025-04-14,Houston Astros,7-9,3.0,St. Louis Cardinals,8-8,8.0,,1.85,2.0,-1.5,2.45,1.5,1.59,7.5,2.02,1.81,MyBookie.ag,Home,0.9159735,Over,0.98791665,ğŸ”¥ğŸ”¥ğŸ”¥ğŸ”¥,ğŸ”¥ğŸ”¥ğŸ”¥ğŸ”¥ğŸ”¥
2025-04-14,Boston Red Sox,8-10,1.0,Tampa Bay Rays,8-8,16.0,,2.03,1.82,1.5,1.5,-1.5,2.6,9.0,2.0,1.82,MyBookie.ag,Away,0.93681455,Under,0.99689156,ğŸ”¥ğŸ”¥ğŸ”¥ğŸ”¥,ğŸ”¥ğŸ”¥ğŸ”¥ğŸ”¥ğŸ”¥
2025-04-14,Atlanta Braves,5-11,8.0,Toronto Blue Jays,9-8,4.0,,1.96,1.88,-1.5,2.5,1.5,1.56,9.0,1.87,1.94,MyBookie.ag,Home,0.54706347,Under,0.58938944,ğŸ”¥,ğŸ”¥
2025-04-15,Cleveland Guardians,8-7,,Baltimore Orioles,6-9,,,2.21,1.7,1.5,1.59,-1.5,2.45,8.5,1.84,1.97,MyBookie.ag,Away,0.890837,Under,0.90954936,ğŸ”¥ğŸ”¥ğŸ”¥ğŸ”¥,ğŸ”¥ğŸ”¥ğŸ”¥ğŸ”¥
2025-04-15,Athletics,6-10,,Chicago White Sox,4-11,,,,,,,,,,,,,Away,0.6884266,Over,0.9796553,ğŸ”¥ğŸ”¥,ğŸ”¥ğŸ”¥ğŸ”¥ğŸ”¥ğŸ”¥
2025-04-15,Seattle Mariners,8-8,,Cincinnati Reds,8-8,,,1.85,2.0,-1.5,2.45,1.5,1.59,8.5,1.86,1.95,MyBookie.ag,Away,0.8973697,Under,0.6418435,ğŸ”¥ğŸ”¥ğŸ”¥ğŸ”¥,ğŸ”¥ğŸ”¥
2025-04-15,Colorado Rockies,3-13,,Los Angeles Dodgers,12-6,,,3.85,1.28,2.5,1.91,-2.5,1.91,8.5,1.89,1.92,MyBookie.ag,Home,0.98705226,Under,0.7093133,ğŸ”¥ğŸ”¥ğŸ”¥ğŸ”¥ğŸ”¥,ğŸ”¥ğŸ”¥
2025-04-15,Arizona Diamondbacks,9-7,,Miami Marlins,8-7,,,1.6,2.4,-1.5,2.0,1.5,1.83,8.5,1.89,1.92,MyBookie.ag,Home,0.9641206,Over,0.6154306,ğŸ”¥ğŸ”¥ğŸ”¥ğŸ”¥ğŸ”¥,ğŸ”¥ğŸ”¥
2025-04-15,Detroit Tigers,10-6,,Milwaukee Brewers,8-9,,,1.82,2.03,-1.5,2.4,1.5,1.62,7.5,1.84,1.98,MyBookie.ag,Home,0.70808274,Under,0.6467195,ğŸ”¥ğŸ”¥,ğŸ”¥ğŸ”¥
2025-04-15,New York Mets,11-5,,Minnesota Twins,5-12,,,1.86,1.99,-1.5,2.45,1.5,1.59,8.0,1.87,1.94,MyBookie.ag,Away,0.98598456,Under,0.7159639,ğŸ”¥ğŸ”¥ğŸ”¥ğŸ”¥ğŸ”¥,ğŸ”¥ğŸ”¥
2025-04-15,Kansas City Royals,8-9,,New York Yankees,9-7,,,2.65,1.51,1.5,1.83,-1.5,2.0,8.5,1.86,1.95,MyBookie.ag,Away,0.63979554,Under,0.99603397,ğŸ”¥ğŸ”¥,ğŸ”¥ğŸ”¥ğŸ”¥ğŸ”¥ğŸ”¥
2025-04-15,San Francisco Giants,12-4,,Philadelphia Phillies,9-7,,,2.31,1.65,1.5,1.61,-1.5,2.43,8.0,1.87,1.94,MyBookie.ag,Away,0.9293792,Over,0.8862425,ğŸ”¥ğŸ”¥ğŸ”¥ğŸ”¥,ğŸ”¥ğŸ”¥ğŸ”¥ğŸ”¥
2025-04-15,Washington Nationals,6-10,,Pittsburgh Pirates,6-11,,,2.1,1.77,1.5,1.56,-1.5,2.5,8.5,1.92,1.89,MyBookie.ag,Away,0.5393679,Over,0.5866314,ğŸ”¥,ğŸ”¥
2025-04-15,Chicago Cubs,11-8,,San Diego Padres,14-3,,,2.41,1.6,1.5,1.64,-1.5,2.34,7.5,1.97,1.84,MyBookie.ag,Away,0.9844144,Over,0.9737347,ğŸ”¥ğŸ”¥ğŸ”¥ğŸ”¥ğŸ”¥,ğŸ”¥ğŸ”¥ğŸ”¥ğŸ”¥ğŸ”¥
2025-04-15,Houston Astros,7-9,,St. Louis Cardinals,8-8,,,1.75,2.14,-1.5,2.3,1.5,1.67,7.5,1.96,1.85,MyBookie.ag,Home,0.9803121,Over,0.6306089,ğŸ”¥ğŸ”¥ğŸ”¥ğŸ”¥ğŸ”¥,ğŸ”¥ğŸ”¥
2025-04-15,Boston Red Sox,8-10,,Tampa Bay Rays,8-8,,,2.12,1.76,1.5,1.59,-1.5,2.45,9.0,1.97,1.84,MyBookie.ag,Home,0.93089503,Under,0.67500865,ğŸ”¥ğŸ”¥ğŸ”¥ğŸ”¥,ğŸ”¥ğŸ”¥
2025-04-15,Los Angeles Angels,9-6,,Texas Rangers,9-7,,,,,,,,,,,,,Away,0.6884266,Over,0.9796553,ğŸ”¥ğŸ”¥,ğŸ”¥ğŸ”¥ğŸ”¥ğŸ”¥ğŸ”¥
2025-04-15,Atlanta Braves,5-11,,Toronto Blue Jays,9-8,,,1.85,2.0,-1.5,2.45,1.5,1.59,8.0,2.0,1.83,MyBookie.ag,Home,0.9574702,Over,0.63390756,ğŸ”¥ğŸ”¥ğŸ”¥ğŸ”¥ğŸ”¥,ğŸ”¥ğŸ”¥
